,Unnamed: 0.1,index,Unnamed: 0,서울대공원부정단어리뷰,index.1,단어,번역
0,0,0,265,I try to avoid war type memorials but this one turned out to be probably the best museum in Seoul Really good mostly unbiased review of the wars on the Korean Peninsula Enough english to keep it interesting The art pieces were particularly well though out and you cant beat the price free Id argue this is a must visit while in Korea,0,probably,나는 전쟁 유형의 기념관을 피하려고 노력하지만 이것은 아마도 서울 최고의 박물관으로 판명되었습니다 한반도 전쟁에 대한 정말 좋은 대부분의 편견없는 리뷰 흥미롭게 유지하기에 충분한 영어 예술 ??작품은 특히 훌륭했지만 이길 수 없습니다 가격이 무료인 이드는 한국에 있는 동안 꼭 가봐야 한다고 주장한다
1,1,1,320,We visited this with a South Korean friend but missed the English tour  nevertheless its an absolute mustsee for you to understand the recent history and current climate of this land We would love to return and join the English tour but lots of the signs and videos are in English so Im guessing we probably didnt miss too much information Such a poignantly expressed display we were deeply moved and touched by the depth of emotion behind the presentations No spoilers just make it a point to go and spend a few hours there  well worth your time,1,probably,우리는 한국 친구와 함께 이곳을 방문했지만 영어 투어를 놓쳤음에도 불구하고 이 땅의 최근 역사와 현재 기후를 이해하기 위해 꼭 봐야 할 곳입니다. 다시 영어 투어에 참여하고 싶지만 많은 표지판과 비디오가 영어 그래서 우리가 너무 많은 정보를 놓치고 있었던 것 같아요. 그렇게 가슴 아프게 표현된 디스플레이 우리는 프레젠테이션 뒤에 숨겨진 감정의 깊이에 깊은 감동과 감동을 받았습니다.
2,2,2,421,I went the day after Chinese New Year but it was closed so I was able to go for a couple hours before my flight home The museum was very informative and provided a great insight into the history and how the war started and the role of the UN forces Upon entering I was greeted by what turned out to be an English speaking guide He was very informative but I had to part and rush through the remaining exhibits to catch my flight out Otherwise Id probably spend another couple hours there Highly recommended,2,probably,나는 설날 다음날에 갔지만 문을 닫았기 때문에 귀국 비행기가 타기 전에 몇 시간 동안 갈 수있었습니다. 박물관은 매우 유익하고 역사와 전쟁이 시작된 방법과 유엔의 역할에 대한 훌륭한 통찰력을 제공했습니다. 힘 들어가자 나는 영어를 구사하는 가이드로 밝혀진 사람을 맞이했습니다. 그는 매우 유익했지만 비행기를 타기 위해 헤어지고 나머지 전시물을 서둘러야했습니다.
3,3,3,500,Its probably the best war memorial I have ever visited in any city or country The eye for detail is exceptional with a huge collection of war memories including a World War II fighter jet  Highly recommended and dont miss this place if you are in Seoul,3,probably,아마도 내가 어떤 도시나 국가에서 방문한 적이 있는 최고의 전쟁 기념관일 것입니다. 세부 사항에 대한 안목은 제2차 세계 대전 전투기를 포함한 방대한 전쟁 추억 컬렉션으로 탁월합니다. 서울에 있다면 이곳을 적극 추천하고 놓치지 마세요.
4,4,4,618,A very poignant and somber experience will hit anyone who enters this building as Korea tell their story about the wars that have inflicted the country including Japanese colonisation and the Korea War which inevitably led to the spitting of the country into North and South Korea and the countrys that came to South Koreas side in their time of need The museum is very big and will probably take most people 3 to 4 hours to get round entirely but there are some not worthy exhibitions including the donated articles and relics and the Korea War segment and all the vehicles outside The museum is free  there is free WiFi and there is a cafe for anyone who cant stand a 3 hour museum visit,4,probably,한국이 일본의 식민지배와 불가피하게 나라를 남한과 남한에 침을 뱉게 한 한국 전쟁을 포함한 전쟁에 대한 이야기를 들려줄 때 이 건물에 들어서는 사람이라면 누구나 매우 가슴 아프고 침울한 경험을 하게 될 것입니다. 필요할 때 한국 측에 온 박물관은 매우 커서 대부분의 사람들이 완전히 둘러보는 데 3-4시간이 걸릴 것입니다. 박물관 외부 차량은 무료입니다 무료 Wi-Fi가 있으며 3시간 동안 박물관 방문을 참지 못하는 사람을 위한 카페가 있습니다
5,5,5,726,This is probably one of the best war museums I have seen in my life Great information provided and excellent exhibits Take your time to visit it ,5,probably,이것은 아마도 내 인생에서 본 최고의 전쟁 박물관 중 하나 일 것입니다. 훌륭한 정보가 제공되고 훌륭한 전시물을 방문하십시오.
6,6,6,798,my friends and i came across a statue of brothers in one of the souvenir stores at the DMZ and googled to find out more about the background it brought us to the War Memorial of Korea and i must say its a great choice we made to visit it the next day  im not sure if its a permanent exhibition we visited end Oct and outside there were airplanes warships and tanks model replicas on display you can view a 7 min show depicting the confrontation between South and North in Year 2002 resulting in the death of 6 South Korean officers the show only starts with minimum audience of 5 but the lady staff was kind to let us view it even though we were only 3 if you watched it you can better understand the exhibitions held in the war memorial building  there is a shooting simulation game in the Korean history exhibition if there are students around you may get a chance to try it my friends did with a bunch of school students i tried later on but the staff rejected me and pointed to the students only signboard  inside you can view a 3D clip too initially they refused to start the clip as i was the only one waiting there but to my surprise they allow a caucasian couple to enter so unless you are caucasian or you can speak conversational korean you probably will be ignored i followed the couple in and a male staff wearing a suit manager maybe went to call for other visitors around a korean elderly tour group to join in  was told to fasten our seatbelts so we thought its those 4D shows where your chairs can rock but to our disappointment nothing happened the 3D clip was just a pilots view on a fighter jet NOT WORTH VIEWING  however there are many interactive screens and many wellmade replicas of various incidents and information on South Koreas involvement in the Worlds war assistance very educational  theres a cafe in the war memorial building serve desserts and waffles the souvenir shop sells similar items to those sold in DMZ  if you are into history this is the place for you,6,probably,내 친구와 나는 DMZ의 기념품 가게 중 한 곳에서 형제 동상을 발견하고 그것이 우리를 한국 전쟁 기념관으로 데려온 배경에 대해 더 자세히 알아보기 위해 구글링했고 나는 그것이 우리가 그것을 방문하기로 한 훌륭한 선택이라고 말해야 합니다. 다음날 우리가 방문한 상설 전시회인지 확실하지 않습니다. 비행기 군함과 탱크 모형 복제품이 전시되어 외부에 전시되어 있었습니다. 2002년 6명의 죽음을 초래한 남과 북의 대결을 묘사한 7분짜리 쇼를 볼 수 있습니다. 한국 장교들은 쇼가 최소 5명의 관객으로 시작되지만 여성 스태프는 우리가 3명밖에 되지 않았음에도 불구하고 친절하게 볼 수 있게 해주었습니다. 한국 역사 전시회에서 게임 주변에 학생들이 있으면 시도해 볼 수 있습니다. 친구들은 학교 학생들과 함께 나중에 시도했지만 직원은 나를 거부하고 학생들에게만 가리켰습니다. 내부 간판도 3D 클립을 볼 수 있습니다. 처음에는 내가 거기에서 기다리는 유일한 사람이었기 때문에 클립 시작을 거부했지만 놀랍게도 백인 부부가 입장할 수 있도록 허용하므로 백인이 아니거나 한국어 회화를 할 수 있는 경우가 아니면 아마 그렇게 될 것입니다. 무시하고 나는 부부를 따라 갔고 양복 매니저를 입은 남성 직원은 아마도 한국 노인 여행 그룹 주변의 다른 방문객을 부르러 갔을 것입니다. 우리는 안전 벨트를 착용하라는 말을 들었으므로 우리는 의자가 흔들릴 수있는 4D 쇼라고 생각했지만 우리의 실망은 아무 일도 일어나지 않았습니다 전쟁 기념관 건물은 디저트와 와플을 제공합니다. 기념품 가게는 DMZ에서 판매되는 것과 유사한 품목을 판매합니다. 역사에 관심이 있다면 이곳이 당신을 위한 곳입니다
7,7,7,840,To get here get off at Samgakji and take exit 12 there are signs Walk straight when you get to the street and the museum will be on your left  This museum is very large It as it typical of every country that has a museum of this type presents a nationalistic interpretation of the Korean War focusing on the heroism or the South Korea fighters as well as the international troops there is an entire wing devoted to the UN participant countries It has many maps and interactive touch screen displays that provide lots of useful information You will learn about the entire history of the war including politics and battles There are also lots of materials donated from soldiers so you get to see what items many people had with them during the fighting  There is also an extensive number of displays and monuments outside including a variety of military vehicles planes and boats used in the war  If you actually want to see everything outside and see every exhibit inside thoroughly as in reading most everything not just walking through quickly then you probably need more than 3 hours Otherwise you should probably plan for 90 minutes or 2 hours,7,probably,여기로 오려면 삼각지에서 내려 12번 출구 표지판이 있습니다 거리에 도착하면 직진하면 박물관이 왼편에 있습니다 이 박물관은 매우 큽니다 이 유형의 박물관이 있는 모든 국가에서 볼 수 있듯이 영웅주의에 초점을 맞춘 한국전쟁에 대한 민족주의적 해석이나 한국군은 물론 국제부대 전체가 유엔 참가국에 헌정되어 있으며 많은 지도와 유용한 정보를 많이 제공하는 인터랙티브 터치스크린 디스플레이를 갖추고 있습니다. 정치와 전투를 포함한 전쟁의 전체 역사에 대해 알아보십시오. 군인들이 기증한 많은 자료도있어 많은 사람들이 전투 중에 어떤 물건을 가지고 있었는지 볼 수 있습니다. 또한 다양한 전시물과 기념물이 외부에 있습니다. 전쟁에 사용된 군용 차량 비행기와 보트의 경우 대부분의 책을 읽을 때와 같이 실제로 외부의 모든 것을 보고 내부의 모든 전시물을 철저히 보고 싶다면 모든 것이 빠르게 진행되는 것이 아니라 3시간 이상이 필요할 것입니다. 그렇지 않으면 90분 또는 2시간 동안 계획해야 합니다.
8,8,8,859,We got there just in time and joined the English speaking tour Our guide was very informative and it lasted about an hour After that we explored the museum We were probably there for about 4 hours,8,probably,우리는 제시간에 도착했고 영어로 말하는 투어에 합류했습니다. 가이드는 매우 유익했고 약 1시간 동안 지속되었습니다. 그 후 우리는 박물관을 탐험했습니다. 우리는 약 4시간 동안 그곳에 있었던 것 같습니다.
9,9,9,955,The Korea War Memorial is an enormous place with a large War Museum built around it  Pros 1 If you are at all interested in the Korean War or how it led to modern South Korea this is the ONE place you should visit There is a fascinating audiovisual exhibition on the Korean War just inside the main building on the left And simply put It will explain EVERYTHING you could possibly want to know about the Korean War Youll understand How it came to happen What happened And from first principles youll understand very clearly how this has led to the modern South Korea of today Furthermore by understanding the background youll understand very clearly the current context behind the NorthSouth Korean situation And possibly its future ramifications  2 There is a wonderful outdoor exhibition as well demonstrating US and ExUSSR and Chinese military hardware from the mid 1940s onwards If you can think of a tank missile helicopter aircraft antiaircraft gun its probably here This is probably the SINGLE and most COMPREHENSIVE collection of postworld war 2 hardware in Asia In my humble opinion the only place youre going to find better is probably the Smithsonian Washington DC USA or the Imperial War Museum London and Duxford Cambridgeshire England  3 If you are interested in middleages Korea the basement is quite interesting There is a lovely replica of a Turtle Ship Geobukseon in the basement Worth visiting  Cons 1 You need to walk a little bit to get to the museum It took me about 510 minutes to find it The nearest subway station is Samgakji or Namyeong Stations 2 The military hardware is outdoors It started raining when I visited Thus I suggest you bring an umbrella or appropriate waterproofoutdoor clothes if you intend to spend much time looking at the outdoors military collection  In summary The War Memorial of Korea is probably the BEST War Museum in the whole of Asia You will not find a larger or better collection of military hardware in Asia To find better youll have to go to Washington DC in the USA or Duxford Cambridgeshire England  I spent 3 hours at the Korean War Memorial And only saw 2530 of the exhibits on offer This place is VAST You could easily spend the whole day here  To conclude if you are a family And you have a boy in your group below the age of 21 Just GO TO THE WAR MEMORIAL of Korea Your son will have more fun that the REST of your trip to Korea put together,9,probably,한국 전쟁 기념관은 주변에 대규모 전쟁 박물관이 세워진 거대한 장소입니다 장점 1 한국 전쟁이나 그것이 어떻게 현대 한국으로 이어졌는지에 관심이 있다면 이곳을 꼭 방문해야 할 곳입니다. 매혹적인 시청각 전시회가 있습니다 왼쪽에 있는 본관 바로 안에 있는 한국 전쟁에 대해 간단히 말해서 한국 전쟁에 대해 알고 싶어할 수 있는 모든 것을 설명할 것입니다. 오늘날의 한국에 더 나아가 배경을 이해하면 북한 상황 이면의 현재 맥락과 미래에 미칠 영향을 매우 명확하게 이해할 수 있습니다. 앞으로 탱크 미사일 헬리콥터 항공기 대공포를 생각할 수 있다면 아마도 여기에있을 것입니다 이것은 아마도 단일 일 것입니다 그리고 아시아에서 가장 포괄적인 2차 세계 대전 이후 하드웨어 컬렉션 내 겸손한 생각에 당신이 더 잘 찾을 수 있는 유일한 곳은 아마도 Smithsonian Washington DC USA 또는 Imperial War Museum London과 Duxford Cambridgeshire England 3일 것입니다. 만약 당신이 중세 한국에 관심이 있다면 지하 지하 꽤 흥미롭습니다 지하에 거북선의 멋진 복제품이 있습니다 방문할 가치가 있습니다 단점 1 박물관에 가려면 조금 걸어야합니다 찾는 데 약 510 분이 걸렸습니다 가장 가까운 지하철역은 삼각지 또는 남영 역입니다 2 군용 철물은 야외에 있다 내가 방문했을 때 비가 내리기 시작했다 따라서 나는 당신이 야외 군사 컬렉션을 보는 데 많은 시간을 할애할 계획이라면 우산이나 적절한 방수 야외 옷을 가져갈 것을 제안합니다 요약 요약 한국 전쟁 기념관은 아마도 최고의 전쟁 박물관일 것입니다 아시아 전체 아시아에서 더 크거나 더 나은 군사 하드웨어 컬렉션을 찾을 수 없습니다. 미국의 워싱턴 DC나 영국의 덕스포드 케임브리지셔 나는 한국전쟁기념관에서 3시간을 보냈고 제공되는 전시품 중 2530개만 봤습니다 이 곳은 VAST입니다 이곳에서 하루 종일 쉽게 보낼 수 있습니다. 그룹의 21세 미만 소년 그냥 한국 전쟁 기념관으로 이동 당신의 아들은 당신의 한국 여행의 나머지 부분을 합친 것보다 더 재미있을 것입니다
10,10,10,959,I can testify that in line with most other reviews on this this place is interesting and worth visiting It is probably built to remind the ordinary South Koreans of the need to defend themselves against the North  By reminding them of what happened in the past,10,probably,나는 이 장소가 흥미롭고 방문할 가치가 있다고 증언할 수 있습니다
11,11,11,1023,Now i know why this is ranked number 1 This memorial is more like a museum with massive ranges of history from all around the globe There are also amazing displays of weapons machinery and everything you can basically think of from rockets to battleships The outdoor part of the memorial is a football field sized area with tanks planes rockets and various artillery weapons This War Memorial would probably be number 1 in the world is amazing,11,probably,이제 나는 이것이 1 위를 차지한 이유를 압니다. 이 기념관은 전 세계의 방대한 역사를 가진 박물관과 더 비슷합니다. 또한 무기 기계와 로켓에서 전함까지 기본적으로 생각할 수있는 모든 것이 전시되어 있습니다. 야외 부분 기념관은 탱크 비행기 로켓과 다양한 포병 무기가 있는 축구장 크기의 지역입니다. 이 전쟁 기념관은 아마도 세계 1위가 될 것입니다.
12,12,12,1056,The War Memorial of Korea is a fantastic site in Seoul and probably one of the best military museums in the world There are basically 2 distinct areas to the monument  inside and outside  The outside consists of many different pieces of military equipment used by both sides during the Korean War Tanks planes artillery and a boat This is all really cool and in great condition You can really interact with some of these vehicles eg Sit in the drivers seat of and armored personnel carrier walk around the boat etc Theres also several statues to commemorate the war and monuments explaining the involvement and contribution of the various nations who fought with the UN against the North Koreans  The inside is an excellent museum which covers the Korean War as well as various conflicts beginning as far back as the ancient Korean kingdoms through the Japanese colonial period Lots of cool artifacts models and multimedia here Theres no entrance fee which was also nice  Overall its a great attraction which gives a comprehensive background on the militarypolitical history of Korea through the end of the Korean War,12,probably,한국 전쟁 기념관은 서울의 환상적인 장소이며 아마도 세계 최고의 군사 박물관 중 하나일 것입니다. 기본적으로 기념비 내부와 외부에는 2개의 뚜렷한 영역이 있습니다. 외부는 전쟁 기간 동안 양측이 사용한 다양한 군사 장비로 구성되어 있습니다. 한국 전쟁 탱크 비행기 포병과 보트 이것은 모두 정말 시원하고 훌륭한 상태입니다. 예를 들어 운전석에 앉아 장갑차를 타고 보트 주위를 걷는 등 이러한 차량 중 일부와 실제로 상호 작용할 수 있습니다. 전쟁을 기념하는 여러 동상도 있습니다 그리고 유엔과 함께 북한에 맞서 싸운 여러 나라의 참여와 공헌을 설명하는 기념물과 내부는 한국전쟁과 일제강점기까지 고대 한국 왕국부터 시작되는 다양한 갈등을 다루는 훌륭한 박물관입니다. 여기에 멋진 인공물 모델과 멀티미디어가 많이 있습니다. 입장료도 없었습니다. 전체적으로 좋았습니다. 한국전쟁 종전까지 한국의 군사정치사에 대한 포괄적인 배경을 제공한다.
13,13,13,1131,After 20 year overseas marriage with a Korean finally visited probably the most important site in Korea The amount quality and coverage of information superb Wish wed visited 20 years ago,13,probably,한국인과의 해외 결혼 20년 만에 드디어 한국에서 가장 중요한 사이트를 방문했을 것 같은 양의 질과 정보의 범위 20년 전 우리가 방문했던 최고의 위시웨딩
14,14,14,1198,I went the day after Chinese New Year but it was closed so I was able to go for a couple hours before my flight home The museum was very informative and provided a great insight into the history and how the war started and the role of the UN forces Upon entering I was greeted by what turned out to be an English speaking guide He was very informative but I had to part and rush through the remaining exhibits to catch my flight out Otherwise Id probably spend another couple hours there Highly recommended,14,probably,나는 설날 다음날에 갔지만 문을 닫았기 때문에 귀국 비행기가 타기 전에 몇 시간 동안 갈 수있었습니다. 박물관은 매우 유익하고 역사와 전쟁이 시작된 방법과 유엔의 역할에 대한 훌륭한 통찰력을 제공했습니다. 힘 들어가자 나는 영어를 구사하는 가이드로 밝혀진 사람을 맞이했습니다. 그는 매우 유익했지만 비행기를 타기 위해 헤어지고 나머지 전시물을 서둘러야했습니다.
15,15,15,1249,The Korean War memorial is a massive site dedicated to those that fought and gave their lives to defend South Korea from communist North Korea and China The displays are awesome and the sculptures capture the struggles both South Korean soldiers and civilians endured throughout the war We saw hundreds of young military soldiers and students at the memorial probably to learn about the war and why they need to stay vigilant to protect their freedom Its remarkable how much South Koreans suffered during the war and how they rebuilt their nation to what it is today in just 63 years The memorial will forever remind future generations of the price of freedom You must visit this remarkable site,15,probably,한국 전쟁 기념관은 공산주의 북한과 중국으로부터 한국을 지키기 위해 목숨을 바치고 싸운 사람들에게 헌정 된 대규모 사이트입니다. 전시품은 훌륭하고 조각품은 전쟁 동안 한국 군인과 민간인이 겪었던 투쟁을 포착합니다. 수백을 보았습니다. 전쟁과 자유를 지키기 위해 경계해야 하는 이유를 배우기 위해 기념관에 모인 젊은 군인과 학생 기념관은 미래 세대에게 자유의 대가를 영원히 기억하게 할 것입니다. 이 놀라운 사이트를 방문해야 합니다.
16,16,16,1284,A lot of effort has been put in to this national museum Entry is free and one probably gains much more understanding than by a visit to The Border with the North It is in Seoul and easily accessible so no excuse not to visit for anyone with even the slightest interest in why Korea is the way it is today  The outside displays include an array of military hardware large enough to fight a small war collected from most of the nations which armed the 1950s conflict All including a full size B52 bomber shoehorned together in to a remarkably small area to make a massive 3D jigsaw The best view of all this is obtained from the deck of the heavily shell and bulletpitted gunboat which has found its way in to the ornamental lake in front of the buildings  All the nations flags and soldiers of the UN forces are commemorated in a huge memorial area  Koreans have a history of war to equal any European nation and this is outlined inside in an illustrated timeline covering several large rooms The internal displays include a horrific and moving portrayal of the Japanese occupation  We also saw many groups of South Korean school children all in their pretty uniforms being taken around the premises being introduced to the facts of Korean life and geopolitical circumstances Sad but essential,16,probably,이 국립 박물관에 많은 노력을 기울였습니다. 입장료는 무료이며 아마도 북한과의 국경을 방문하는 것보다 훨씬 더 많은 이해를 얻을 수 있습니다. 서울에 있고 쉽게 접근 할 수 있으므로 방문하지 않을 변명의 여지가 없습니다. 한국이 오늘날의 모습인 이유에 대한 약간의 관심 외부 전시물에는 1950년대 충돌을 무장한 대부분의 국가에서 수집한 소규모 전쟁에 대처할 수 있을 만큼 충분히 큰 군용 장비가 포함되어 있습니다. 거대한 3D 퍼즐을 만들기에 매우 작은 영역 이 모든 것을 가장 잘 볼 수 있는 것은 건물 앞의 장식용 호수로 향하는 두터운 포탄과 총알이 박힌 총의 갑판에서 얻을 수 있습니다. 유엔군은 거대한 기념 구역에서 추모됩니다 한국인은 유럽 국가와 대등한 전쟁의 역사를 가지고 있으며 이것은 여러 개의 큰 방을 포함하는 삽화가 타임 라인에 설명되어 있습니다. 전시물에는 일제 강점기에 대한 끔찍하고 감동적인 묘사가 포함되어 있습니다. 또한 예쁜 교복을 입은 많은 한국 학생들이 건물 주변을 돌아다니며 한국 생활과 지정학적 상황에 대한 사실을 소개하는 것을 보았습니다. 슬프지만 본질적입니다.
17,17,17,1296,This is probably one of the best war museums I have seen in my life Great information provided and excellent exhibits Take your time to visit it ,17,probably,이것은 아마도 내 인생에서 본 최고의 전쟁 박물관 중 하나 일 것입니다. 훌륭한 정보가 제공되고 훌륭한 전시물을 방문하십시오.
18,18,18,1371,The most popular attraction here was the tanks and planes available just outside the entrance Its great for kids and enthusiastic adults as it lets you climb up on top of a few of them allow you to take photos in front of them and marvel at just how huge these things look like close up There was an overwhelming amount of information inside the memorial itself so I spent an hour on the Korean War section and that was about all I could stand Being Australian it was interesting finding the list of soldiers who lost their lives in the Korean war  Just a tip dont order any food from the nearby onsite restaurant unless youre desperate for a meal as I was I grabbed a beef bibimbap and while it wasnt exactly inedible it was probably the worst meal I had in 2 weeks spent in Korea,18,probably,여기에서 가장 인기 있는 어트랙션은 입구 바로 밖에 있는 탱크와 비행기였습니다. 몇 개 위에 올라갈 수 있어 아이들과 열정적인 어른들에게 아주 좋습니다. 앞에서 사진을 찍고 얼마나 거대한지 감탄할 수 있습니다. 가까이서 본 것 같아요 기념관 내부에 정보가 너무 많아서 한국전쟁 섹션에서 1시간을 보냈고 그게 제가 참을 수 있었던 전부였어요 한국 전쟁 나처럼 식사가 필사적 인 경우가 아니면 근처 식당에서 음식을 주문하지 마십시오. 나는 쇠고기 비빔밥을 집어 들었고 정확히 먹을 수는 없었지만 아마도 한국에서 보낸 2 주 동안 먹은 최악의 식사 일 것입니다.
19,19,19,1463,In a country that has had more than its fair share of warfare and suffering the War Memorial should be at the top of every tourists itinerary in South Korea It takes the viewer back in time to explain how the Goguryeo General Eulji Mundeoks troops had routed a 300000 strong Sui army in 612 AD There are interesting early examples of Korean weapons systems that had changed the course of Korean historyThe Shin Gi Geon Hwa Cha was a wheeled rocket launcher than could fire 100 rocketpropelled arrows simultaneouslyThe carnage at the receiving end must have been terribleThe most outstanding Koreandesigned weapon system was the famed Turtle Ship A 125 scale model of it is on display It was brilliantly well designed by Admiral Yi Sunsin It was fully enclosed to protect the crew while the roof was covered with sharp nails to prevent an enemy boarding party from getting a foothold The very small sail probably meant that it could not travel very fast These ships had won Korea many a sea battle against the Japanese A large number of exhibits naturally cover the Korean War when Communist North Korea had made a surprise attack on the South and had overrun it in a matter of a few days The Republic of Korean RoK troops later jointed by the United Nations troops had fought back heroically to turn the tide It was General Douglas McArthurs famous Incheon Landing on 15 September 1950 that had turned the tide of war which later moved for the first time north of the 38th parallel The war finally ended when an armistice was signed Among the displays are captured North Korean weapons including a Russianmade MiG19 and an An2 transport aircraft Numerous poignant photographs of the peoples suffering form a wrenching experience There are numerous exhibits on the Korean armed forces of today An interesting one is a Koreandesigned light unmanned attack vehicle Outside the main buildingin the open are a range of aircraft that had been used by South Korea during the war These include a Cessna T37 trainer F5 F86 and F86D fighters A Curtiss C46 Commando and C123 transport aircraft and  amazingly  even an eightengined Boeing B52 bomber It is quite a sight It is quite an experience for those like this writer  who had lived through the Korean War Hormuz Mama,19,probably,"정당한 몫 이상의 전쟁과 고통을 겪은 나라에서 전쟁기념관은 한국의 모든 관광객 여정의 맨 위에 있어야 합니다. 시청자는 고구려 장군 을지문덕군이 300000명을 패주시킨 방법을 설명하기 위해 시간을 거슬러 올라갑니다 서기 612년의 강력한 수군 한국 역사의 흐름을 바꾼 흥미로운 초기 한국 무기 체계의 예가 있습니다. 신기건화는 로켓 추진 화살 100발을 동시에 발사할 수 있는 바퀴 달린 로켓 발사기였습니다. 한국에서 디자인한 뛰어난 무기 체계는 유명한 거북선 125스케일 모형이 전시되어 있습니다. 이순신 장군이 훌륭하게 설계했습니다. 선원을 보호하기 위해 완전히 밀폐되어 있었고 지붕은 날카로운 못으로 덮여 적의 탑승을 방지했습니다. 발판을 마련하는 돛이 매우 작다는 것은 아마도 빨리 항해할 수 없다는 것을 의미했을 것입니다. inst 일본 많은 전시물은 공산주의 북한이 남한을 기습하여 며칠 만에 남침한 한국 전쟁을 자연스럽게 다루고 있습니다. 전세를 뒤집기 위해 영웅적으로 반격했다 1950년 9월 15일 인천상륙작으로 유명한 더글라스 맥아더 장군이 전세를 역전시켰고, 이후 처음으로 38선 이북으로 이동했다. 러시아제 MiG19와 An2 수송기를 포함한 북한의 무기가 노획되고 있다 고통받는 사람들의 수많은 가슴 아픈 경험을 하는 사진 오늘날의 한국 군대에 대한 수많은 전시품 흥미로운 것은 한국 설계의 경무인 공격 차량 본관 밖 공개된 것은 전쟁 중 한국이 사용했던 다양한 항공기입니다. 여기에는 Cessna T37 t가 포함됩니다. Rainer F5 F86 및 F86D 전투기 Curtiss C46 Commando 및 C123 수송기, 놀랍게도 8기통 보잉 B52 폭격기까지 6.25전쟁을 겪은 이 작가 같은 사람에게는 상당한 경험이다. Hormuz Mama"
20,20,20,1558,This is probably one of the best museums ive been too So many interactive models and so much to see Very interesting to way to find out about the Korean War,20,probably,이것은 아마도 내가 가본 최고의 박물관 중 하나 일 것입니다. 많은 대화식 모델과 볼 것이 너무 많습니다. 한국 전쟁에 대해 알아내는 방법에 매우 흥미 롭습니다.
21,21,21,1594,Probably a must see but I was not really thrilled Building is massive and you will go through the entire history of Korea through the wars that they fought since the origine of time Very little translation in English so you get bored rapidly There are some old military junk outside which probably will make kids happy,21,probably,아마 꼭 봐야 할 것 같지만 정말 감흥이 없었습니다 건물이 거대하고 시간이 시작된 이래로 그들이 싸운 전쟁을 통해 한국의 전체 역사를 살펴볼 것입니다 영어 번역이 거의 없으므로 빨리 지루해집니다 오래된 군용 쓰레기가 있습니다 아마도 아이들을 행복하게 할 외부
22,22,22,1597,Place is alright Its free and definitely had some pretty impressive exhibitions  especially if youre a military history buff Ultimately the place felt way too propaganday for me It is quite apparent that the history is more about narrative More like something Id expect north of the border Still probably worth an hour or 2,22,probably,"장소는 괜찮습니다. 무료이며 특히 군사 역사 애호가라면 꽤 인상적인 전시회를 가졌습니다. 궁극적으로 장소는 나에게 너무 선전하는 것처럼 느껴졌습니다. 역사가 내러티브에 더 가깝다는 것이 분명합니다. 국경 북쪽을 기대하는 것과 비슷합니다. 1, 2시간 가치"
23,23,23,1713,I usually dont like museum so much but this one is probably the best Ive been to You can spend hours walking around and still loving it The direction is indicate on the floor so just follow it Ive learn a lot about Korea and Im considering to going back there again  And its all for FREE,23,probably,나는 평소에 박물관을 별로 좋아하지 않지만 아마도 이곳이 내가 가본 곳 중 최고일 것입니다. 몇 시간을 걸어 다니며 여전히 그것을 사랑할 수 있습니다. 방향이 바닥에 표시되어 있으므로 그냥 따라가십시오. 거기 다시 그리고 그것의 모든 무료
24,24,24,1769,Ive been wanting to visit this museum for a while because two family members were part of the UN forces in the 50s Today I finally had the chance I only had a couple of hours available but you could easily spend much longer It was a bit cold so I didnt have a chance to see much on the grounds but in warmer weather that would probably take at least another hour The museum actually covers more than just 195053 it includes history of the ROK armed forces and all of their contributions in UN peacekeeping efforts There is a written guide in English and other languages and most of the short video clips were also available in English and Chinese and Japanese as well as Korean There was an English tour available at certain times but I didnt take advantage of that The museum has many interesting exhibits with lots of information It is large but easy to navigate and there are restrooms on every floor There is also a cafe and small gift shop as well I would recommend visiting the museum if you have at least a couple of hours available Be aware that it is always closed on Mondays and holidays I got to the museum on subway Line 6 and got off at Samgakji station If you take exit 12 out of the station just walk straight ahead and you will come to the museum within a couple of blocks It was really easy to find and an easy walk from the subway station,24,probably,"나는 두 가족이 50년대에 UN군 일원이었기 때문에 잠시 동안 이 박물관을 방문하고 싶었습니다. 오늘 나는 마침내 두 시간밖에 시간이 없었지만 훨씬 더 오래 보낼 수 있는 기회가 있었습니다. 조금 추웠어요. 나는 경내에서 많은 것을 볼 기회가 없었지만 아마도 적어도 한 시간은 더 걸릴 것인 따뜻한 날씨에는 박물관이 실제로 단지 195053년 이상을 다룹니다. 여기에는 한국 군대의 역사와 UN 평화 유지 노력에 대한 모든 기여가 포함됩니다. 영어 및 기타 언어로 작성된 가이드와 대부분의 짧은 비디오 클립은 한국어뿐만 아니라 영어, 중국어 및 일본어로도 제공되었습니다. 정보가 많습니다. 규모가 크지만 이동하기 쉽고 모든 층에 화장실이 있습니다. 카페와 작은 선물 가게도 있습니다. ve 최소 2시간 이용 가능 월요일과 공휴일은 항상 휴관이니 참고하세요 저는 지하철 6호선으로 박물관에 도착해서 삼각지역에서 내렸습니다. 역에서 12번 출구로 나와 직진하면 몇 블록 이내에 박물관에 오세요. 찾기가 정말 쉬웠고 지하철역에서 쉽게 걸어갈 수 있었습니다."
25,25,25,1789,I not a big fans of history and war But this place is a must visit for those who is visiting Seoul from overseas The sequence of the exhibits the interactive and technology fused with the history made it so interesting This probably one of the many best exhibits I have been to and the admission price is 0 You need a good 2 hours,25,probably,나는 역사와 전쟁의 열렬한 팬은 아니지만 해외에서 서울을 방문하는 사람들에게 꼭 방문해야 할 곳입니다. 전시의 순서는 인터랙티브하고 역사와 융합된 기술이 매우 흥미로웠습니다. 이것은 아마도 많은 최고의 전시 중 하나일 것입니다. 에 가본 적이 있고 입장료는 0입니다. 좋은 2시간이 필요합니다.
26,26,26,1810,my friends and i came across a statue of brothers in one of the souvenir stores at the DMZ and googled to find out more about the background it brought us to the War Memorial of Korea and i must say its a great choice we made to visit it the next day  im not sure if its a permanent exhibition we visited end Oct and outside there were airplanes warships and tanks model replicas on display you can view a 7 min show depicting the confrontation between South and North in Year 2002 resulting in the death of 6 South Korean officers the show only starts with minimum audience of 5 but the lady staff was kind to let us view it even though we were only 3 if you watched it you can better understand the exhibitions held in the war memorial building  there is a shooting simulation game in the Korean history exhibition if there are students around you may get a chance to try it my friends did with a bunch of school students i tried later on but the staff rejected me and pointed to the students only signboard  inside you can view a 3D clip too initially they refused to start the clip as i was the only one waiting there but to my surprise they allow a caucasian couple to enter so unless you are caucasian or you can speak conversational korean you probably will be ignored i followed the couple in and a male staff wearing a suit manager maybe went to call for other visitors around a korean elderly tour group to join in  was told to fasten our seatbelts so we thought its those 4D shows where your chairs can rock but to our disappointment nothing happened the 3D clip was just a pilots view on a fighter jet NOT WORTH VIEWING  however there are many interactive screens and many wellmade replicas of various incidents and information on South Koreas involvement in the Worlds war assistance very educational  theres a cafe in the war memorial building serve desserts and waffles the souvenir shop sells similar items to those sold in DMZ  if you are into history this is the place for you,26,probably,내 친구와 나는 DMZ의 기념품 가게 중 한 곳에서 형제 동상을 발견하고 그것이 우리를 한국 전쟁 기념관으로 데려온 배경에 대해 더 자세히 알아보기 위해 구글링했고 나는 그것이 우리가 그것을 방문하기로 한 훌륭한 선택이라고 말해야 합니다. 다음날 우리가 방문한 상설 전시회인지 확실하지 않습니다. 비행기 군함과 탱크 모형 복제품이 전시되어 외부에 전시되어 있었습니다. 2002년 6명의 죽음을 초래한 남과 북의 대결을 묘사한 7분짜리 쇼를 볼 수 있습니다. 한국 장교들은 쇼가 최소 5명의 관객으로 시작되지만 여성 스태프는 우리가 3명밖에 되지 않았음에도 불구하고 친절하게 볼 수 있게 해주었습니다. 한국 역사 전시회에서 게임 주변에 학생들이 있으면 시도해 볼 수 있습니다. 친구들은 학교 학생들과 함께 나중에 시도했지만 직원은 나를 거부하고 학생들에게만 가리켰습니다. 내부 간판도 3D 클립을 볼 수 있습니다. 처음에는 내가 거기에서 기다리는 유일한 사람이었기 때문에 클립 시작을 거부했지만 놀랍게도 백인 부부가 입장할 수 있도록 허용하므로 백인이 아니거나 한국어 회화를 할 수 있는 경우가 아니면 아마 그렇게 될 것입니다. 무시하고 나는 부부를 따라 갔고 양복 매니저를 입은 남성 직원은 아마도 한국 노인 여행 그룹 주변의 다른 방문객을 부르러 갔을 것입니다. 우리는 안전 벨트를 착용하라는 말을 들었으므로 우리는 의자가 흔들릴 수있는 4D 쇼라고 생각했지만 우리의 실망은 아무 일도 일어나지 않았습니다 전쟁 기념관 건물은 디저트와 와플을 제공합니다. 기념품 가게는 DMZ에서 판매되는 것과 유사한 품목을 판매합니다. 역사에 관심이 있다면 이곳이 당신을 위한 곳입니다
27,27,27,1819,The War Memorial of Korea is a very interesting place It a couple of blocks from the Samgakji Station Its one stop away from the National Museum and 1 or 2 from Itaewon station There is a large outdoor area with numerous outdoor exhibits that leads into the main building You could probably spend most of an afternoon here if not all day Many exhibits are interactive and interesting for children although its always about death and war Youll have to decide whether you want your kids to see it Outside by the foot of the stairway in front of the main building there are vending machines if you want more youll have to walk out a bit I recommend bringing drinks and snacks On the right of the building outdoors there are war vehicles Behind that is the childrens museum Im assuming there are more interactive things for kids as Ive never been in there,27,probably,"한국 전쟁 기념관은 매우 흥미로운 곳입니다. 삼각지역에서 몇 블록 떨어져 있습니다. 국립 박물관에서 한 정거장, 이태원역에서 1~2정거장 거리에 있습니다. 본관으로 이어지는 수많은 야외 전시물이 있는 넓은 야외 공간이 있습니다 하루 종일은 아니더라도 대부분의 오후를 이곳에서 보낼 수 있을 것입니다. 많은 전시물은 항상 죽음과 전쟁에 관한 것이지만 아이들에게 상호 작용하고 흥미롭습니다. 아이들이 그것을 볼 것인지 결정해야 합니다. 본관에는 자판기가 있습니다. 더 많은 것을 원하면 조금 걸어야 합니다. 음료와 간식을 가져오는 것이 좋습니다. 야외 건물의 오른쪽에는 전쟁 차량이 있습니다. 그 뒤에는 어린이 박물관이 있습니다. 나는 거기에 가본 적이 없기 때문에"
28,28,28,1930,To get here get off at Samgakji and take exit 12 there are signs Walk straight when you get to the street and the museum will be on your left  This museum is very large It as it typical of every country that has a museum of this type presents a nationalistic interpretation of the Korean War focusing on the heroism or the South Korea fighters as well as the international troops there is an entire wing devoted to the UN participant countries It has many maps and interactive touch screen displays that provide lots of useful information You will learn about the entire history of the war including politics and battles There are also lots of materials donated from soldiers so you get to see what items many people had with them during the fighting  There is also an extensive number of displays and monuments outside including a variety of military vehicles planes and boats used in the war  If you actually want to see everything outside and see every exhibit inside thoroughly as in reading most everything not just walking through quickly then you probably need more than 3 hours Otherwise you should probably plan for 90 minutes or 2 hours,28,probably,여기로 오려면 삼각지에서 내려 12번 출구 표지판이 있습니다 거리에 도착하면 직진하면 박물관이 왼편에 있습니다 이 박물관은 매우 큽니다 이 유형의 박물관이 있는 모든 국가에서 볼 수 있듯이 영웅주의에 초점을 맞춘 한국전쟁에 대한 민족주의적 해석이나 한국군은 물론 국제부대 전체가 유엔 참가국에 헌정되어 있으며 많은 지도와 유용한 정보를 많이 제공하는 인터랙티브 터치스크린 디스플레이를 갖추고 있습니다. 정치와 전투를 포함한 전쟁의 전체 역사에 대해 알아보십시오. 군인들이 기증한 많은 자료도있어 많은 사람들이 전투 중에 어떤 물건을 가지고 있었는지 볼 수 있습니다. 또한 다양한 전시물과 기념물이 외부에 있습니다. 전쟁에 사용된 군용 차량 비행기와 보트의 경우 대부분의 책을 읽을 때와 같이 실제로 외부의 모든 것을 보고 내부의 모든 전시물을 철저히 보고 싶다면 모든 것이 빠르게 진행되는 것이 아니라 3시간 이상이 필요할 것입니다. 그렇지 않으면 90분 또는 2시간 동안 계획해야 합니다.
29,29,29,1980,This is a really elaborate museum and very well done Theres so much to see and you will be here for hours Americans visitors will probably appreciate it most after Koreans The reason I mention Americans is because they are also heavily memorialised here too and you cant help but admire the apparent bond between the two nations I would recommend a visit if you have an interest in the history of war in Korea,29,probably,이것은 정말 정교한 박물관이며 매우 잘되어 있습니다. 볼 것이 너무 많으며 몇 시간 동안 여기에있을 것입니다. 미국인 방문자는 아마도 한국인 다음으로 그것을 가장 높이 평가할 것입니다. 내가 미국인을 언급하는 이유는 그들도 여기에서 많이 추모되고 도움이 될 수 없기 때문입니다. 두 나라 사이의 명백한 유대에 감탄 한국 전쟁의 역사에 관심이 있다면 방문을 추천합니다
30,30,30,1983,We got there just in time and joined the English speaking tour Our guide was very informative and it lasted about an hour After that we explored the museum We were probably there for about 4 hours,30,probably,우리는 제시간에 도착했고 영어로 말하는 투어에 합류했습니다. 가이드는 매우 유익했고 약 1시간 동안 지속되었습니다. 그 후 우리는 박물관을 탐험했습니다. 우리는 약 4시간 동안 그곳에 있었던 것 같습니다.
31,31,31,2001,The huge monument of statue of brothers welcoming every visitors moved me Korean families celebrating Memorial Day in their camping tents urban camping being a recent trend lining up the sidewalks of this huge complex of war memorabilia reminds me how proud this nationality of their culture and heritage This park is probably one of the best in the world a living testament how this once poor nation now a nation of great wealth was able to fight for their land and freedom Displayed were actual warships and planes armaments names of unknown soldiers including some of my fellowmen Filipinos who helped fought the Korean war How can you not be proud,31,probably,모든 방문객을 환영하는 거대한 형제 동상은 저를 감동시켰습니다. 현충일을 기념하는 한국 가족들이 캠핑 텐트에서 축하하고 있습니다. 도시 캠핑은 최근 트렌드입니다. 이 거대한 전쟁 기념품 단지의 인도에 줄지어 서 있는 것은 저에게 그들의 문화와 유산의 이 국적이 얼마나 자랑스러운지를 상기시켜줍니다. 공원은 아마도 세계 최고 중 하나일 것입니다. 한때 가난했던 이 나라가 지금은 큰 부의 나라가 어떻게 그들의 땅과 자유를 위해 싸울 수 있었는지에 대한 살아있는 증거입니다 실제 군함과 비행기 군비가 전시되어 있습니다. 몇몇 동료들을 포함하여 알려지지 않은 군인들의 이름 필리핀인 한국전쟁을 도운 사람이 어찌 자랑스럽지 않을 수 있겠습니까?
32,32,32,2049,The worlds largest war memorial it was really interesting and you can probably walk around for hours Great exhibits and best of all its free,32,probably,세계 최대의 전쟁 기념관 정말 흥미로웠고 몇 시간 동안 걸어 다닐 수 있습니다.
33,33,33,2072,If you like history of Korea especially its war history then this is the right place for you to visit The first floor was from prehistoric era so youll probably best to skip it but it is still not bad to see though Second and third level were for Korean War Vietnam war donated artefacts arsenals tanks howitzer and jets models Can spend more than 1 hour just to look at all the exhibitions there; more if you want to read all the explanations in details Do not forget to visit the park on the left since it contains more of real size vehicle models tanks jets tank destroyer etc A really good place to spend your time in Seoul There is no entrance fee close at 6PM can hire local tour guide there from inside the building,33,probably,"한국의 역사, 특히 전쟁사를 좋아한다면 이곳을 방문하기에 적합한 곳입니다. 전쟁 베트남 전쟁 기증 유물 무기고 탱크 곡사포 및 제트기 모델 모든 전시회를 보는 데 1 시간 이상 보낼 수 있습니다. 모든 설명을 자세히 읽고 싶다면 더 많은 실제 크기의 차량 모델 탱크 제트 탱크 구축함 등이 더 많이 포함되어 있으므로 왼쪽 공원을 방문하는 것을 잊지 마십시오. 서울에서 시간을 보내기에 정말 좋은 곳 입장료가 없습니다 오후 6시에 문을 닫으면 건물 내부에서 현지 투어 가이드를 고용할 수 있습니다."
34,34,34,2223,This would probably keep children entertained Interactivity occasionally came at the expense of a clear narrative of the war However definitely worth a visit if you have any interest in the history of the Korean war Do save time for the top floor exhibit on international involvement,34,probably,이것은 아마도 아이들을 즐겁게 할 것입니다 상호 작용은 전쟁에 대한 명확한 서사를 희생시키면서 때때로 그러나 한국 전쟁의 역사에 관심이 있다면 꼭 방문할만한 가치가 있습니다 국제 참여에 관한 최상층 전시 시간을 절약하십시오
35,35,35,2245,The War Memorial of Korea is a great museum and one visit will probably not be enough to see mostall of it My fiance and I went on a nice autumn day and when we arrived we discovered that there is an exhibit outside of the museum displaying old USA South Korean North Korean and Chinese warplanes tanks submarines etc We walked around that part for about 12 hours and then had lunch at the cafeteria next door to the museum We decided we would check out some of the smaller exhibits and come back in the winter for the much larger the 625 War Korean War exhibit  It was a good choice because when we visited again a couple months later we spent a good three hours or so in the 625 War exhibit We didnt know much about the Korean War before entering but it was very informative and we both left with a much better understanding or the history of the Korean War I dont usually say this about museums but I definitely recommend this one and you should consider putting it on your mustdo list while visiting Seoul,35,probably,한국 전쟁 기념관은 훌륭한 박물관이며 한 번만 방문하면 대부분을 볼 수 없을 것입니다. 약혼자와 나는 좋은 가을날에 갔고 우리가 도착했을 때 박물관 외부에 오래된 미국을 전시하고 있는 전시품이 있다는 것을 발견했습니다 남한의 북한과 중국의 전투기 탱크 잠수함 등 우리는 약 12시간 동안 그 부분을 돌아 다니며 박물관 옆 식당에서 점심을 먹었습니다. 우리는 작은 전시물을 확인하고 겨울에 다시 오기로 결정했습니다. 훨씬 더 큼 625 전쟁 한국 전쟁 전시회 몇 달 후에 다시 방문했을 때 625 전쟁 전시회에서 좋은 3 시간 정도를 보냈기 때문에 좋은 선택이었습니다. 우리는 들어가기 전에 한국 전쟁에 대해 많이 몰랐지만 매우 유익했습니다 그리고 우리 둘 다 훨씬 더 나은 이해 또는 한국 전쟁의 역사를 가지고 떠났습니다. 나는 일반적으로 박물관에 대해 이것을 말하지 않지만 나는 이것을 확실히 추천하며 방문하는 동안 반드시 해야 할 목록에 넣는 것을 고려해야 합니다. 잉 서울
36,36,36,2313,After the nth battle where a small army of korean peasants defeated a foreign army composed of hundreds of thousands of cruel but well trained soldiers one starts to wonder if this is a history museum or just some fairy tales told to kids to make them like their country Seriously the whole museum is like that All countries do this but here is probably too blatant Youll learn something just not sure about what history or korean views of common stories,36,probably,한국 농민의 소규모 군대가 수십만 명의 잔인하지만 잘 훈련된 군인으로 구성된 외국 군대를 물리친 n차 전투 이후 이곳이 역사 박물관인지 아니면 아이들에게 조국을 좋아하게 만드는 동화 속 이야기인지 궁금해지기 시작합니다. 진심으로 박물관 전체가 그렇죠 모든 나라가 이렇게 하고 있지만 여기 너무 노골적일 것입니다 일반적인 이야기에 대한 역사나 한국의 견해가 무엇인지 확실하지 않은 것을 배우게 될 것입니다
37,37,37,2415,The Korea War Memorial is an enormous place with a large War Museum built around it  Pros 1 If you are at all interested in the Korean War or how it led to modern South Korea this is the ONE place you should visit There is a fascinating audiovisual exhibition on the Korean War just inside the main building on the left And simply put It will explain EVERYTHING you could possibly want to know about the Korean War Youll understand How it came to happen What happened And from first principles youll understand very clearly how this has led to the modern South Korea of today Furthermore by understanding the background youll understand very clearly the current context behind the NorthSouth Korean situation And possibly its future ramifications  2 There is a wonderful outdoor exhibition as well demonstrating US and ExUSSR and Chinese military hardware from the mid 1940s onwards If you can think of a tank missile helicopter aircraft antiaircraft gun its probably here This is probably the SINGLE and most COMPREHENSIVE collection of postworld war 2 hardware in Asia In my humble opinion the only place youre going to find better is probably the Smithsonian Washington DC USA or the Imperial War Museum London and Duxford Cambridgeshire England  3 If you are interested in middleages Korea the basement is quite interesting There is a lovely replica of a Turtle Ship Geobukseon in the basement Worth visiting  Cons 1 You need to walk a little bit to get to the museum It took me about 510 minutes to find it The nearest subway station is Samgakji or Namyeong Stations 2 The military hardware is outdoors It started raining when I visited Thus I suggest you bring an umbrella or appropriate waterproofoutdoor clothes if you intend to spend much time looking at the outdoors military collection  In summary The War Memorial of Korea is probably the BEST War Museum in the whole of Asia You will not find a larger or better collection of military hardware in Asia To find better youll have to go to Washington DC in the USA or Duxford Cambridgeshire England  I spent 3 hours at the Korean War Memorial And only saw 2530 of the exhibits on offer This place is VAST You could easily spend the whole day here  To conclude if you are a family And you have a boy in your group below the age of 21 Just GO TO THE WAR MEMORIAL of Korea Your son will have more fun that the REST of your trip to Korea put together,37,probably,한국 전쟁 기념관은 주변에 대규모 전쟁 박물관이 세워진 거대한 장소입니다 장점 1 한국 전쟁이나 그것이 어떻게 현대 한국으로 이어졌는지에 관심이 있다면 이곳을 꼭 방문해야 할 곳입니다. 매혹적인 시청각 전시회가 있습니다 왼쪽에 있는 본관 바로 안에 있는 한국 전쟁에 대해 간단히 말해서 한국 전쟁에 대해 알고 싶어할 수 있는 모든 것을 설명할 것입니다. 오늘날의 한국에 더 나아가 배경을 이해하면 북한 상황 이면의 현재 맥락과 미래에 미칠 영향을 매우 명확하게 이해할 수 있습니다. 앞으로 탱크 미사일 헬리콥터 항공기 대공포를 생각할 수 있다면 아마도 여기에있을 것입니다 이것은 아마도 단일 일 것입니다 그리고 아시아에서 가장 포괄적인 2차 세계 대전 이후 하드웨어 컬렉션 내 겸손한 생각에 당신이 더 잘 찾을 수 있는 유일한 곳은 아마도 Smithsonian Washington DC USA 또는 Imperial War Museum London과 Duxford Cambridgeshire England 3일 것입니다. 만약 당신이 중세 한국에 관심이 있다면 지하 지하 꽤 흥미롭습니다 지하에 거북선의 멋진 복제품이 있습니다 방문할 가치가 있습니다 단점 1 박물관에 가려면 조금 걸어야합니다 찾는 데 약 510 분이 걸렸습니다 가장 가까운 지하철역은 삼각지 또는 남영 역입니다 2 군용 철물은 야외에 있다 내가 방문했을 때 비가 내리기 시작했다 따라서 나는 당신이 야외 군사 컬렉션을 보는 데 많은 시간을 할애할 계획이라면 우산이나 적절한 방수 야외 옷을 가져갈 것을 제안합니다 요약 요약 한국 전쟁 기념관은 아마도 최고의 전쟁 박물관일 것입니다 아시아 전체 아시아에서 더 크거나 더 나은 군사 하드웨어 컬렉션을 찾을 수 없습니다. 미국의 워싱턴 DC나 영국의 덕스포드 케임브리지셔 나는 한국전쟁기념관에서 3시간을 보냈고 제공되는 전시품 중 2530개만 봤습니다 이 곳은 VAST입니다 이곳에서 하루 종일 쉽게 보낼 수 있습니다. 그룹의 21세 미만 소년 그냥 한국 전쟁 기념관으로 이동 당신의 아들은 당신의 한국 여행의 나머지 부분을 합친 것보다 더 재미있을 것입니다
38,38,38,2435,I can testify that in line with most other reviews on this this place is interesting and worth visiting It is probably built to remind the ordinary South Koreans of the need to defend themselves against the North  By reminding them of what happened in the past,38,probably,나는 이 장소가 흥미롭고 방문할 가치가 있다고 증언할 수 있습니다
39,39,39,2454,Fantastic place Cant believe its free though we did give a donation Amazing place and something there for everyone When we visited in July they were in the process of building a separate museum for children in the grounds which will probably not be finished until 2015 but there is still loads of interest there for Adults and children alike from the different dynasty rooms with costumes a mini temple a childrens play area vintage cars and tanks planes and even a 3D theatre Hope to visit again in Oct when we go back to Seoul,39,probably,환상적인 장소 우리가 기부를 했음에도 무료라는 사실이 믿기지 않습니다 다른 왕조의 방에서 온 성인과 어린이 모두에게 여전히 많은 관심
40,40,40,2665,Unless you were directly involved in the Korean War you probably dont know much about how and why it came about Even as a history buff and versed with the war itself I learned a lot here about the conditions that led to the war  the preWWII Japanese occupation the partitioning of Korea into the Soviet and US camps after the war and the factors that led to the North Korean invasion This is a huge place Not wanting to spend a whole day here I spent 2 hours in the three War rooms and felt I had gotten what I came her for There are many other displays inside and Korean War vintage aircraft to be seen outside Bottom line a very worthwhile visit for those who want and should have a better understanding of this time Even my wife who is not into museums of this type appreciated what she learned here and was glad she took the time for this,40,probably,"한국전쟁에 직접 가담하지 않았다면 전쟁이 어떻게, 왜 일어났는지 잘 모를 것입니다. 역사 애호가이자 전쟁 자체에 정통한 저는 2차 세계대전 이전 일본의 점령 조건에 대해 여기서 많은 것을 배웠습니다. 전쟁 후 한국을 소련과 미국 진영으로 분할하고 북한의 침략을 일으킨 요인들 이곳은 거대한 곳입니다. 여기서 하루 종일 보내고 싶지 않은 나는 3 개의 전쟁 방에서 2 시간을 보내고 무엇을 얻었는지 느꼈습니다. 나는 그녀를 위해 그녀에게 왔습니다. 내부에는 다른 많은 전시물이 있고 외부에는 한국 전쟁 빈티지 항공기가 있습니다. 결론은이 시간을 더 잘 이해하고 싶어하는 사람들에게 매우 가치있는 방문입니다. 이러한 유형의 박물관에 관심이없는 아내도 감사했습니다 그녀가 여기에서 배웠고 그녀가 이것을 위해 시간을 낸 것이 기뻤던 것"
41,41,41,2711,Now i know why this is ranked number 1 This memorial is more like a museum with massive ranges of history from all around the globe There are also amazing displays of weapons machinery and everything you can basically think of from rockets to battleships The outdoor part of the memorial is a football field sized area with tanks planes rockets and various artillery weapons This War Memorial would probably be number 1 in the world is amazing,41,probably,이제 나는 이것이 1 위를 차지한 이유를 압니다. 이 기념관은 전 세계의 방대한 역사를 가진 박물관과 더 비슷합니다. 또한 무기 기계와 로켓에서 전함까지 기본적으로 생각할 수있는 모든 것이 전시되어 있습니다. 야외 부분 기념관은 탱크 비행기 로켓과 다양한 포병 무기가 있는 축구장 크기의 지역입니다. 이 전쟁 기념관은 아마도 세계 1위가 될 것입니다.
42,42,42,2742,Firstly there is no entrance fee so Id have gave a positive review even if it didnt live up to expectations But it really did and probably exceeded them given the size of the place and the quality of the exhibits Given Koreas war history over the last century there was so much to see many of which was quite sad to see but extremely interesting Dont miss the many memorials outside the museum itself as well as the area to the right of the museum with countless examples of war planes and tanks etc  plenty of photo opportunities,42,probably,"첫째, 입장료가 없기 때문에 Id는 기대에 부응하지 않더라도 긍정적 인 리뷰를 보냈습니다. 그러나 장소의 크기와 전시의 품질을 감안할 때 실제로 그랬고 아마도 초과했을 것입니다. 지난 세기의 한국 전쟁 역사를 감안할 때 많은 것을 볼 수 있었고 그 중 많은 것은 보기에 매우 슬펐지만 매우 흥미로웠습니다. 박물관 자체 외부의 많은 기념관과 박물관 오른쪽에 있는 전쟁 비행기와 탱크 등의 무수한 예가 있는 지역을 놓치지 마세요. 사진을 찍을 기회가 많습니다."
43,43,43,2749,Gorgeous memorial Very well curated The War Memorial is a mustsee when youre in South KoreaIts seriously the biggest most awesome war museum Ive ever seen The giant reproduction of a turtle warship from the 1500s is probably their flagship piece but the extensive grounds full of tanks and planes and other engines of war vie for the top spot of most awesome thing to see there And thats not even taking into account the inside displays of all the canons and various firearms from I guess every military conflict ever to take place on the peninsula,43,probably,멋진 기념관 아주 잘 정리된 전쟁 기념관은 한국에 있을 때 꼭 가봐야 하는 곳입니다.진심으로 본 적이 있는 가장 큰 전쟁 박물관 1500년대 거북 전함의 거대한 복제품이 아마도 그들의 주력 작품일 것입니다. 그러나 탱크와 비행기로 가득 찬 광활한 부지 그리고 다른 전쟁 기관들은 그곳에서 가장 멋진 광경을 보기 위해 경쟁합니다. 그리고 그것은 모든 대포와 다양한 총기의 내부 전시를 고려하지 않은 것입니다. 한반도에서 일어나는 모든 군사적 충돌
44,44,44,2752,I used to work at a museum I was a history major once I love war This place is completely awesome  Its seriously the biggest most awesome war museum Ive ever seen The giant reproduction of a turtle warship from the 1500s is probably their flagship piece but the extensive grounds full of tanks and planes and other engines of war vie for the top spot of most awesome thing to see there And thats not even taking into account the inside displays of all the canons and various firearms from I guess every military conflict ever to take place on the peninsula  Youd probably have to spend days to completely take in all they have to offer,44,probably,"저는 박물관에서 일했습니다. 한때는 역사 전공이었습니다. 저는 전쟁을 사랑했습니다. 이 곳은 완전히 굉장합니다. 진지하게 가장 큰 가장 멋진 전쟁 박물관 저는 지금까지 본 적이 있습니다. 탱크와 비행기, 그리고 다른 전쟁 엔진으로 가득 찬 땅은 그곳에서 가장 멋진 곳을 놓고 경쟁합니다. 그리고 그것은 모든 대포와 다양한 총기의 내부 전시를 고려하지 않은 것입니다. 모든 군사적 충돌이 일어날 것 같아요 반도에서 Youd는 그들이 제공하는 모든 것을 완전히 받아들이기 위해 며칠을 보내야 할 것입니다."
45,45,45,2920,This place is simply amazing and this is not because it is free admission From the look of the building it looks a bit like Capitol Hill or some advanced government building to the real life examples of various military equipment located in the lawn including real lifesized planes tanks and artiliary of both the US and Korean military one could spend at least one full day here if you care to look at all the exhibit both inside and outside One will definately be more appreciative of the deep military ties between US and South Korea and the Korean War We also saw school children visiting the place which is probably part of their school programme to learn more about the history of the country Definately worth the visit and you can take as many pictures as you want Note that the memorial is not located near any other mainstream tourist attractions and it is about a 5 minute walk from the subway station,45,probably,이곳은 단순히 놀랍고 입장료가 무료이기 때문이 아닙니다. 건물의 모양에서 약간 국회 의사당이나 일부 고급 정부 청사처럼 보이지만 실제 실물 크기의 비행기 탱크를 포함하여 잔디밭에 위치한 다양한 군사 장비의 실제 사례까지 그리고 미군과 한국군의 포병대는 내부와 외부의 모든 전시물을 살펴보고 싶다면 적어도 하루 종일 이곳에서 보낼 수 있습니다. 전쟁 우리는 또한 학교 프로그램의 일환으로 아마도 국가의 역사에 대해 더 많이 배우기 위해 학교 프로그램의 일부인 장소를 방문하는 학교 아이들을 보았습니다. 방문할만한 가치가 있으며 원하는만큼 사진을 찍을 수 있습니다. 기념관은 다른 곳 근처에 있지 않습니다. 주요 관광 명소이며 지하철역에서 도보로 약 5분 거리에 있습니다.
46,46,46,3026,This museum is huge so allow plenty of time to look around It is also highly interactive  a lot of displays have video or recreated scenes Kids will love it There is so much here that youll probably want to visit it over a couple of days with a few hours each day Highlights were the display of military hardware outside the museum which can be accessed even if the museum is closed and the section explaining the history and progress of the Korean War which was an eyeopener One tip  dont bother with the target shooting game it wasnt worth the wait,46,probably,이 박물관은 규모가 크므로 둘러볼 시간이 충분합니다. 또한 상호작용이 뛰어납니다. 많은 디스플레이에 비디오 또는 재현된 장면이 있습니다. 아이들이 좋아할 것입니다. 여기 너무 많아서 몇 일 동안 며칠에 걸쳐 방문하고 싶을 것입니다. 매일 시간 하이라이트는 박물관이 닫혀 있어도 액세스 할 수있는 박물관 외부의 군용 하드웨어 디스플레이와 눈을 뜨게 한 한국 전쟁의 역사와 진행 상황을 설명하는 섹션이었습니다. 기다릴만한 가치가있다
47,47,47,3054,We went to the War memorial of Korea but found to our disappointment that it was closed because of fashion week This wasnt even announced on their website We were really excited to go there and the more the disappointment because of fashion week How could we know this since it wasnt on their website; what are they thinking The attaction itself is probably worth all 5 stars,47,probably,우리는 전쟁 기념관에 갔지만 패션 위크 때문에 문을 닫았다는 사실에 실망했습니다. 이것은 웹 사이트에도 발표되지 않았습니다. 그것은 그들의 웹사이트에 없었습니다; 그들은 무엇을 생각하고 있습니까?
48,48,48,3079,Ill be the first to admit that Im probably not the one whos been to most museums but thats mostly because most museums Ive been at have failed to catch my true interest and attention When it first occurred to me Seoul had the War Memorial of Korea I thought to myself that it must at least be very informative when looking at Koreas huge history with war  And boy it didnt disappoint  Its easy to see its very influenced by USA lets ignore that and just appreciate the depth this museum has Not only is the museum huge it covers the older wars with their neighbors but also Vietnam it even had an exhibition about the Danish contribution to the Korean wars even though it wasnt a lot IN DANISH and whatever military struggle Koreas been in and theres a lot A lot of the displays are incredibly well made and most of it is in English so you dont have to be an expert in Hangul to appreciate it At the back of the museum theyve filled the yard with military vehicles tanks cannons helicopters and planes  Impressive museum And free,48,probably,나는 아마도 대부분의 박물관에 가본 사람이 아닐 수도 있지만 대부분 내가 가본 대부분의 박물관이 내 진정한 관심과 관심을 끌지 못했기 때문임을 처음으로 인정할 것입니다. 처음에 서울에 전쟁기념관이 있다고 생각했습니다. 한국의 전쟁과 함께한 거대한 역사를 볼 때 적어도 매우 유익해야 한다는 생각이 들었습니다. 그리고 실망하지 않았습니다. 미국의 영향을 많이 받았다는 것을 쉽게 볼 수 있습니다. 그것을 무시하고 이 박물관이 가지고 있는 깊이에 감사합시다. 박물관이 거대할 뿐만 아니라 이웃과 함께 오래된 전쟁을 다루고 베트남도 포함합니다. 덴마크에서는 많지 않았지만 한국 전쟁에 대한 덴마크의 공헌에 대한 전시회도 있었습니다. 만들어지고 대부분이 영어로 되어 있어 한글 전문가가 아니어도 감상할 수 있습니다. 박물관 뒤편에는 군용 차량 탱크 대포 헬리콥터와 비행기가 마당을 가득 메웠습니다. s 인상적인 박물관과 무료
49,49,49,3080,Really big need a few hours maybe 3 or 4 to really see the whole thing Loads of things to see inside as well as outside Gift shop and lockers I think free if you dont want to carry around your stuff Its a really nice memorial very moving and informative I have been here a few times and will probably go there again  Must do in Seoul Do it,49,probably,전체를 실제로 보려면 몇 시간 또는 3-4 시간이 필요합니다. 내부와 외부를 모두 볼 수 있습니다. 선물 가게와 사물함 물건을 들고 다니고 싶지 않다면 무료라고 생각합니다. 정말 멋진 기념비 매우 감동적이고 정보 제공 나는 여기에 몇 번 있었고 아마도 다시 갈 것입니다 서울에서해야 할 일 Do it
50,50,50,3115,Kinda creepy that they have a how to don a gas mask area for kids but probably necessary Great exhibits,50,probably,아이들을 위해 방독면을 착용하는 방법이 있지만 아마도 필요할 것입니다.
51,51,51,3144,It was a busy day when I visited but I would still probably bet I was the only person in the museum that had also visited the North Korean equivalent  The Victorious Fatherland Liberation War Museum in Pyongyang  It was interesting comparing the two and of course the Seoul version provides a much more rounded and historially accurate account However its possible to see propaganda from the South too  eg there are war crimes by the North documented here but the terrible atrocities committed by the South at the time are absent  Outside there are some large sculptures and quite an extensive display of military hardware from both sides as well as two of the massive loudspeaker systems used at the DMZ for psychological warfare until the operation was halted in 2004,51,probably,내가 방문한 날은 바쁜 날이었지만 나는 여전히 박물관에서 북한에 상응하는 평양 조국해방전쟁승리박물관도 방문한 사람은 나 혼자였을 것이다. 훨씬 더 둥글고 역사적으로 정확한 설명을 제공하지만 남쪽에서도 선전을 볼 수 있음 2004년 작전이 중단될 때까지 심리전을 위해 DMZ에서 사용된 두 개의 대형 확성기 시스템과 양측의 군용 하드웨어를 광범위하게 전시
52,52,0,320,We visited this with a South Korean friend but missed the English tour  nevertheless its an absolute mustsee for you to understand the recent history and current climate of this land We would love to return and join the English tour but lots of the signs and videos are in English so Im guessing we probably didnt miss too much information Such a poignantly expressed display we were deeply moved and touched by the depth of emotion behind the presentations No spoilers just make it a point to go and spend a few hours there  well worth your time,52,guess,우리는 한국 친구와 함께 이곳을 방문했지만 영어 투어를 놓쳤음에도 불구하고 이 땅의 최근 역사와 현재 기후를 이해하기 위해 꼭 봐야 할 곳입니다. 다시 영어 투어에 참여하고 싶지만 많은 표지판과 비디오가 영어 그래서 우리가 너무 많은 정보를 놓치고 있었던 것 같아요. 그렇게 가슴 아프게 표현된 디스플레이 우리는 프레젠테이션 뒤에 숨겨진 감정의 깊이에 깊은 감동과 감동을 받았습니다.
53,53,1,1119,Large and well worth visiting and provide substantial information on wars which have plagued Korea since the earliest recorded times It would be better named as a Museum than a Memorial I guess exhibits such as the Incheon Landing 4D ride are worthwhile for engaging teenagers but more emphasis should be on helping people to reflect what has caused war in the past and how to avoid future wars,53,guess,방문할 가치가 있고 방문할 가치가 있으며 가장 오래된 기록 이후 한국을 괴롭힌 전쟁에 대한 실질적인 정보를 제공합니다. 기념관보다 박물관으로 명명하는 것이 더 낫습니다. 인천상륙작전 4D 타기와 같은 전시물은 십대의 관심을 끌만한 가치가 있지만 더 강조되어야 합니다. 사람들이 과거에 전쟁을 일으킨 원인과 미래의 전쟁을 피하는 방법을 반영하도록 돕습니다.
54,54,2,1150,It was ok but I have seen better memorials This one seemed lacking and was mediocre I guess it is worth seeing if you havent but dont have high expectations,54,guess,괜찮 았지만 더 나은 기념물을 보았지만 이것은 부족하고 평범했습니다.
55,55,3,1275,Enjoyed this place tremendously The exhibits were very informative and gave me an idea of what it was like when Korea was at war Many pictures videos and relics  all of which provide new experiences of learning  The time you can spend here varies Personally I spent 4hrs here because Im the sort of person who reads and studies every single exhibit and stop to watch every show and video But there are some people who breeze and browse through quite quickly and could possibly finish everything in about an hour I guess it depends on what interests you  There was a 4D show in one of the exhibits on the 2nd level that illustrated the operations of the Incheon Landing That was rather impressive I thought By 4D I mean that you will be secured to your seat because the motion chairs move according to whether youre on a boat or a plane  Another thing that was really impressive was how you could use your smartphone to read more about the exhibits  either by NFC or QR scanning Beside the exhibits there would be a little panel for you to scan which would automatically open a page on your phone The page contained information about what you are seeing and would sometimes lead you to YouTube videos to illustrate it What a great way to learn  One of the must visit places if youre in to history,55,guess,이 장소를 엄청나게 즐겼습니다. 전시회는 매우 유익했고 한국이 전쟁 중이었을 때 어땠는지에 대한 아이디어를 나에게 제공했습니다. 많은 사진 비디오와 유물은 모두 새로운 학습 경험을 제공합니다. 여기에서 보낼 수있는 시간은 개인적으로 다양하기 때문에 여기에서 4 시간을 보냈습니다. 저는 모든 전시물을 읽고 연구하고 모든 쇼와 비디오를 보기 위해 멈춰서 보는 그런 사람입니다. 하지만 아주 빠르게 탐색하고 탐색하며 한 시간 안에 모든 것을 끝낼 수 있는 사람들이 있습니다. 관심 분야에 따라 다릅니다. 인천상륙작전을 설명하는 2층 전시물 중 하나에서 4D 쇼였습니다. 다소 인상적이었습니다. 4D란 탑승 여부에 따라 모션 의자가 움직이기 때문에 좌석에 고정된다는 의미입니다. 보트 또는 비행기 정말 인상적이었던 또 다른 점은 스마트폰을 사용하여 NFC 또는 QR 스캔을 통해 전시회에 대한 자세한 내용을 읽을 수 있다는 것입니다. 스캔할 수 있는 작은 패널이 있으면 휴대전화에서 자동으로 페이지가 열립니다. 이 페이지에는 보고 있는 내용에 대한 정보가 포함되어 있으며 때로는 이를 설명하기 위해 YouTube 동영상으로 연결됩니다. 배울 수 있는 좋은 방법 꼭 방문해야 할 곳 중 하나 당신이 역사에 있다면 장소
56,56,4,2177,Came to this memorial as part of a tour as we only stopped briefly here I didnt really get to check out the different monuments carefully and get to really understand the history and meaning behind it I guess it would be a really interesting stop to visit if someones interested in history and eager to learn more about the Korean war,56,guess,우리는 여기에서 잠시 멈췄기 때문에 여행의 일부로 이 기념관에 왔습니다. 다른 기념물을 주의 깊게 확인하고 그 뒤에 숨겨진 역사와 의미를 정말로 이해하지 못했습니다. 역사에 관심이 있고 한국 전쟁에 대해 더 많이 배우고자 하는 열망
57,57,5,2398,Ive been to this museum 5 times over 15 years It is not that good If you are an English speaker and Im guessing you are because you are on this website the translations are not good enough to keep your interest This place was great 15 years ago before the National Museum of Korea was built Now its a second rate military history museum,57,guess,나는 이 박물관에 15년 동안 5번 갔습니다 그것은 좋지 않습니다 당신이 영어를 할 수 있고 당신이 이 웹사이트에 있기 때문이라고 추측한다면 번역이 당신의 관심을 끌기에 충분하지 않습니다 이 곳은 15년 전에 훌륭했습니다 국립중앙박물관 건립 지금은 2급 군사역사박물관
58,58,6,2676,This place has some really good exhibits and is really well designed I guess its the first stop for most people doing the DMZ tour as it gives and intro and an insight into the war,58,guess,이 장소에는 정말 좋은 전시품이 있고 정말 잘 설계되어 있습니다. 전쟁에 대한 소개와 통찰력을 제공하면서 DMZ 투어를 하는 대부분의 사람들을 위한 첫 번째 중지라고 생각합니다.
59,59,7,2749,Gorgeous memorial Very well curated The War Memorial is a mustsee when youre in South KoreaIts seriously the biggest most awesome war museum Ive ever seen The giant reproduction of a turtle warship from the 1500s is probably their flagship piece but the extensive grounds full of tanks and planes and other engines of war vie for the top spot of most awesome thing to see there And thats not even taking into account the inside displays of all the canons and various firearms from I guess every military conflict ever to take place on the peninsula,59,guess,멋진 기념관 아주 잘 정리된 전쟁 기념관은 한국에 있을 때 꼭 가봐야 하는 곳입니다.진심으로 본 적이 있는 가장 큰 전쟁 박물관 1500년대 거북 전함의 거대한 복제품이 아마도 그들의 주력 작품일 것입니다. 그러나 탱크와 비행기로 가득 찬 광활한 부지 그리고 다른 전쟁 기관들은 그곳에서 가장 멋진 광경을 보기 위해 경쟁합니다. 그리고 그것은 모든 대포와 다양한 총기의 내부 전시를 고려하지 않은 것입니다. 한반도에서 일어나는 모든 군사적 충돌
60,60,8,2752,I used to work at a museum I was a history major once I love war This place is completely awesome  Its seriously the biggest most awesome war museum Ive ever seen The giant reproduction of a turtle warship from the 1500s is probably their flagship piece but the extensive grounds full of tanks and planes and other engines of war vie for the top spot of most awesome thing to see there And thats not even taking into account the inside displays of all the canons and various firearms from I guess every military conflict ever to take place on the peninsula  Youd probably have to spend days to completely take in all they have to offer,60,guess,"저는 박물관에서 일했습니다. 한때는 역사 전공이었습니다. 저는 전쟁을 사랑했습니다. 이 곳은 완전히 굉장합니다. 진지하게 가장 큰 가장 멋진 전쟁 박물관 저는 지금까지 본 적이 있습니다. 탱크와 비행기, 그리고 다른 전쟁 엔진으로 가득 찬 땅은 그곳에서 가장 멋진 곳을 놓고 경쟁합니다. 그리고 그것은 모든 대포와 다양한 총기의 내부 전시를 고려하지 않은 것입니다. 모든 군사적 충돌이 일어날 것 같아요 반도에서 Youd는 그들이 제공하는 모든 것을 완전히 받아들이기 위해 며칠을 보내야 할 것입니다."
61,61,9,2884,So off the bat the outdoor display of military hardware is most impressive and would Wow any little boys or grown men who are into that stuff We spent a little while perusing the tanks planes missiles etc Then we moved inside Huge building The huge open space in front of the building devoid of any greenery reminds me of the grounds of the palaces we had visited the previous days I think Koreans just seem to love that grand sweeping open space to show case the main act  the building itself Hence no trees shrubberies or flowers in the immediate front of the building to distract ones eyes The museum have exhibits of Korean military history that goes back very far  like to 900 AD or maybe even further back As far as they have records of I guess Of course back that far it wasnt Korea as we know it today The land mass that is modern day N  S Korea hosted various kingdoms and fiefdoms whose borders fluctuated and changed many times You also get the sense that the official narrative wants to put a very proud and positive spin on Korean military achievement As with the various other museums we went into prior to this one the Koreans are not so great with putting any of the accompanying texts displayed in English Which is frustrating and perplexing since one would think that they would jump at the chance to educate visitors on their rich history  culture Instead one is left feeling very blah about whatever potentially interesting things we might be viewing since we have no idea what it is or its significance The English when there is any would be like 2 sentences long and then the Korean part would be whole paragraphs long  erm I think theyre saying way more than the English translation here Surely they can hire someone who can translate this stuff Anyway this might have been 5 stars if it wasnt for the lack of English in the exhibits Same goes for all the museums in Seoul that we went to,61,guess,그래서 방망이 밖에서 군용 하드웨어의 야외 전시는 가장 인상적이며 그 물건에 관심이있는 어린 소년이나 성인은 와우 할 것입니다. 우리는 탱크 비행기 미사일 등을 정독하는 동안 조금 시간을 보냈습니다. 그런 다음 우리는 거대한 건물 앞의 거대한 열린 공간으로 이사했습니다. 녹지 하나 없는 건물은 우리가 이전에 방문했던 궁궐의 경지를 생각나게 합니다. 나는 한국인들이 건물 자체를 보여주기 위해 그 웅장하고 탁 트인 공간을 좋아하는 것 같습니다. 눈을 흐트러뜨리는 건물 바로 앞 박물관에는 서기 900년 또는 그보다 훨씬 더 거슬러 올라가는 한국 군사 역사의 전시물이 있습니다. 오늘 알아요 오늘날의 땅덩어리 남한은 국경이 여러 번 변하고 변모한 여러 왕국과 영지를 거느렸고 공식 서사가 p. 우리가 이 박물관 이전에 갔던 다른 여러 박물관과 마찬가지로 한국의 군사적 성취에 대한 매우 자랑스럽고 긍정적인 스핀입니다. 그들은 방문객들에게 풍부한 역사 문화에 대해 교육할 기회에 뛰어들 것입니다. 대신 우리는 그것이 무엇인지 또는 그 의미가 무엇인지 알지 못하기 때문에 우리가 볼 수 있는 잠재적으로 흥미로운 것들에 대해 매우 얄미운 느낌을 남깁니다. 2 문장이 길면 한국어 부분이 전체 단락이 될 것입니다. 음 여기 영어 번역보다 훨씬 더 많이 말하는 것 같아요 확실히 그들은 이것을 번역 할 수있는 사람을 고용 할 수 있습니다. 어쨌든 영어가 부족하지 않았다면 별 5 개 였을 수도 있습니다 우리가 갔던 서울의 모든 박물관도 마찬가지입니다.
62,62,10,3068,The sanctuary of National Defense or the war memorial of Korea is located in the heart of the city We reached the by a subway This museum contains various records of the war and soldiers including remains of their forefathers who devoted their lives for their country  The war museum consists of 6 indoor exhibition rooms the memorial hall the war history room the Korean was room the expeditionary forces room the ROK armed forces room the large  defense equipment room and an outdoor exhibition area of military equipment  Honestly I got bored after a while though dont get me wrong the items are well kept and an audio guide is available for better understanding of the exhibit rental fee is 2000 won or approx 2 I guess too much information and seeing a lot of war items can be overwhelming but it is worth a visit  admission is free closed on mondays 09001800,62,guess,국방의 성소 또는 한국의 전쟁 기념관은 도시의 중심부에 있습니다 지하철로 도착했습니다 이 박물관에는 조국을 위해 목숨을 바친 선조들의 유해를 비롯한 다양한 전쟁 기록과 군인들이 전시되어 있습니다 전쟁 박물관 실내전시실 6개로 구성 기념관 전쟁역사실 한국인이 있던 방 원정군실 국군실 큰방위장비실과 군장비 야외전시실 솔직히 좀 지루하긴 했지만 잘못된 항목은 잘 보관되고 오디오 가이드는 전시 대관료를 더 잘 이해할 수 있도록 제공됩니다. 2000원 또는 약 2입니다. 너무 많은 정보와 많은 전쟁 항목을 보는 것이 압도 될 수 있지만 방문할만한 가치가 있습니다 입장료는 무료입니다. 월요일 휴무 09001800
63,63,11,3110,This is far from the 1 place in Seoul that some people say visit the National Museum of Korea well before this in other words I was in Seoul for two weeks and only got there on my last day and edited the time down to one hour The encyclopaedic coverage on level 3 of every conflict that the ROK has been involved in means it was rather militaristic from my point of view  explains why so many armed forces personnel were on visits there I guess Level 2 which deals with the Korean war is obviously the most important as earlier Korean military history receives similar but not as detailed coverage in other Korean museums Given the 60 year stand off with the North and the virtual on alert status since then of the armed forces you can begin to understand how ingrained in the Korean mind potentialif not perhaps imminent conflict is,63,guess,이것은 서울에서 1번이 국립중앙박물관을 들른다고 하는 서울에서 2주 전에 갔다가 마지막 날에 가서 시간을 1시간으로 수정한 것과는 거리가 멉니다. 한국이 관여한 모든 분쟁의 레벨 3에 대한 취재는 내 관점에서 볼 때 그것이 오히려 군사적이었다는 것을 의미합니다 왜 그렇게 많은 군인들이 그곳을 방문하는지 설명합니다 한국 전쟁을 다루는 레벨 2가 분명히 가장 중요하다고 생각합니다 일찍이 한국의 군사 역사는 다른 한국 박물관과 유사하지만 자세한 내용은 다루지 않습니다. 60년 동안의 북한과의 대치 상태와 그 이후 군대의 가상 비상 상태를 감안할 때 한국의 마음 잠재력에 얼마나 뿌리를 내렸는지 이해하기 시작할 수 있습니다. 아마도 임박한 갈등은
