,Unnamed: 0.1,index,Unnamed: 0,ì„œìš¸ëŒ€ê³µì›ë¶€ì •ë‹¨ì–´ë¦¬ë·°,index.1,ë‹¨ì–´,ë²ˆì—­
0,0,0,32, The air conditioner is not cool these days but there is nothing like it in terms of multishopping ,0,nothing,ìš”ì¦˜ ì—ì–´ì»¨ì´ ì‹œì›í•˜ì§€ ì•Šì§€ë§Œ ë©€í‹°ì‡¼í•‘ì—ëŠ” ì´ë§Œí•œê²Œ ì—†ë‹¤
1,1,1,198,"I agree with most that the architectural display out side the Starfield COEX Mall is impressive to say the least. But inside? That's another story. Low ceilings, very dole and depressive. We felt as encased for a lack of better words.  It does not represent inside the modernistic approach from the outside. The quality of the stores are really average and we believed that a structure of this kind would have design better stores and with better choices. Most things once again, cheap Chinese stuff, disposable value items and again the infantile South Koreans with stores filled with teddy bears (for adult people) cute cartoon printed made in China socks (for adults) and the distribution of the stores....very confusing.  Not a well planned mall and nothing to offer except for the Starfield Library, which is really pretty and impressive. Two floors library with lots of colors and places to eat. Basically the only highlight of the Starfield COEX Mall which is pretty average.  Except for the Starfield Library which you can access directly from the streets, the rest of the mall is a waste of pure time. Not recommended.",1,nothing,"ìŠ¤íƒ€í•„ë“œ ì½”ì—‘ìŠ¤ëª° ì™¸ë¶€ì˜ ê±´ì¶• ì „ì‹œë¬¼ì€ ë§í•  ê²ƒë„ ì—†ì´ ì¸ìƒì ì´ë¼ëŠ” ë° ëŒ€ë¶€ë¶„ ë™ì˜í•©ë‹ˆë‹¤. í•˜ì§€ë§Œ ë‚´ë¶€? ê·¸ê±´ ë˜ ë‹¤ë¥¸ ì´ì•¼ê¸°ì…ë‹ˆë‹¤. ì²œì¥ì´ ë‚®ê³  ë§¤ìš° ìš°ìš¸í•˜ê³  ìš°ìš¸í•©ë‹ˆë‹¤. ìš°ë¦¬ëŠ” ë” ë‚˜ì€ ë‹¨ì–´ì˜ ë¶€ì¡±ì— ë‘˜ëŸ¬ì‹¸ì—¬ ìˆë‹¤ê³  ëŠê¼ˆë‹¤. ê·¸ê²ƒì€ ì™¸ë¶€ì—ì„œ ëª¨ë”ë‹ˆì¦˜ì  ì ‘ê·¼ ë°©ì‹ì„ ë‚´ë¶€ë¡œ ë‚˜íƒ€ë‚´ì§€ ì•ŠìŠµë‹ˆë‹¤. ìƒì ì˜ í’ˆì§ˆì€ ì •ë§ í‰ê· ì ì´ë©° ìš°ë¦¬ëŠ” ì´ëŸ¬í•œ êµ¬ì¡°ê°€ ë” ë‚˜ì€ ìƒì ì„ ì„¤ê³„í•˜ê³  ë” ë‚˜ì€ ì„ íƒì„ í•  ìˆ˜ ìˆë‹¤ê³  ë¯¿ì—ˆìŠµë‹ˆë‹¤. ë˜ë‹¤ì‹œ ëŒ€ë¶€ë¶„ì˜ ê²ƒë“¤, ê°’ì‹¼ ì¤‘êµ­ì‚° ë¬¼ê±´, ì¼íšŒìš©í’ˆ, ê·¸ë¦¬ê³  ë˜ ë‹¤ì‹œ ì˜ìœ ì•„ ë‚¨í•œë“¤ ê°€ê²Œ ê°€ë“ í…Œë””ë² ì–´(ì„±ì¸ìš©) ê·€ì—¬ìš´ ë§Œí™”ê°€ ì¸ì‡„ëœ ì¤‘êµ­ì‚° ì–‘ë§(ì„±ì¸ìš©)ê³¼ ìœ í†µ ë§¤ì¥.... ë§¤ìš° í˜¼ë€ ìŠ¤ëŸ½ìŠµë‹ˆë‹¤. ì˜ ê³„íšëœ ì‡¼í•‘ëª°ì´ ì•„ë‹ˆë©° ì •ë§ ì˜ˆì˜ê³  ì¸ìƒì ì¸ Starfield Libraryë¥¼ ì œì™¸í•˜ê³ ëŠ” ì œê³µí•  ê²ƒì´ ì—†ìŠµë‹ˆë‹¤. ë‹¤ì–‘í•œ ìƒ‰ìƒê³¼ ë¨¹ì„ê±°ë¦¬ê°€ ìˆëŠ” 2ì¸µ ë„ì„œê´€. ê¸°ë³¸ì ìœ¼ë¡œ ê½¤ í‰ê· ì¸ Starfield COEX ëª°ì˜ ìœ ì¼í•œ í•˜ì´ë¼ì´íŠ¸. ê±°ë¦¬ì—ì„œ ë°”ë¡œ ê°ˆ ìˆ˜ ìˆëŠ” ìŠ¤íƒ€í•„ë“œ ë„ì„œê´€ì„ ì œì™¸í•˜ê³  ì‡¼í•‘ëª°ì˜ ë‚˜ë¨¸ì§€ ë¶€ë¶„ì€ ìˆœìˆ˜í•œ ì‹œê°„ ë‚­ë¹„ì…ë‹ˆë‹¤. ê¶Œì¥í•˜ì§€ ì•ŠìŠµë‹ˆë‹¤."
2,2,2,255,"Coex is very huge mall with lots of shops, restaurants and entertainment places like cinema, aquarium etc. However the best thing about this mall is the amazing libaray in the middle of the mall. If you tired after lots of walking at the mall, you can relax at the library even though most if the books in Korean. Shops are ordinary, nothing is unique and most of them is Korean product.",2,nothing,"CoexëŠ” ì˜í™”ê´€, ìˆ˜ì¡±ê´€ ë“±ê³¼ ê°™ì€ ë§ì€ ìƒì , ë ˆìŠ¤í† ë‘ ë° ìœ í¥ ì¥ì†Œê°€ ìˆëŠ” ë§¤ìš° ê±°ëŒ€í•œ ì‡¼í•‘ëª°ì…ë‹ˆë‹¤. ê·¸ëŸ¬ë‚˜ ì´ ì‡¼í•‘ëª°ì˜ ê°€ì¥ ì¢‹ì€ ì ì€ ì‡¼í•‘ëª° í•œê°€ìš´ë°ì— ìˆëŠ” ë†€ë¼ìš´ ë¦¬ë°”ë ˆì´ì…ë‹ˆë‹¤. ì‡¼í•‘ëª°ì—ì„œ ë§ì´ ê±·ë‹¤ ì§€ì³¤ë‹¤ë©´ ëŒ€ë¶€ë¶„ì˜ í•œêµ­ì–´ ì±…ì´ë¼ë„ ë„ì„œê´€ì—ì„œ ì‰´ ìˆ˜ ìˆìŠµë‹ˆë‹¤. ê°€ê²ŒëŠ” í‰ë²”í•˜ê³  íŠ¹ë³„í•œ ê²ƒì€ ì—†ìœ¼ë©° ëŒ€ë¶€ë¶„ì´ í•œêµ­ ì œí’ˆì…ë‹ˆë‹¤."
3,3,3,297,This mall in gangnam area and it far from my Hotel Lotte city.In my opinion this mall is waste of time nothing especial and you can not compare it with lotte department store.It too expensive.This place is good for meeting not shopping.In fact this place was huge mall before change it.I will not come back,3,nothing,ê°•ë‚¨ ì§€ì—­ì— ìˆëŠ” ì´ ì‡¼í•‘ëª°ì€ ë‚´ í˜¸í…” ë¡¯ë°ì‹œí‹°ì—ì„œ ë©€ë¦¬ ë–¨ì–´ì ¸ ìˆìŠµë‹ˆë‹¤. ì œ ìƒê°ì— ì´ ì‡¼í•‘ëª°ì€ íŠ¹ë³„í•œ ê²ƒë„ ì—†ê³  ë¡¯ë°ë°±í™”ì ê³¼ ë¹„êµí•  ìˆ˜ ì—†ëŠ” ì‹œê°„ ë‚­ë¹„ì…ë‹ˆë‹¤. ë„ˆë¬´ ë¹„ì‹¸ìš”. ì‡¼í•‘ì´ ì•„ë‹Œ ë§Œë‚¨ì— ì¢‹ì€ ê³³ì…ë‹ˆë‹¤. ì‚¬ì‹¤ì´ ì¥ì†ŒëŠ” ë³€ê²½í•˜ê¸° ì „ì— ê±°ëŒ€í•œ ì‡¼í•‘ëª°ì´ì—ˆìŠµë‹ˆë‹¤. ë‚˜ëŠ” ëŒì•„ ì˜¤ì§€ ì•Šì„ ê²ƒì…ë‹ˆë‹¤.
4,4,4,340,"This is a big serpentine mall, lots of stores, nothing really special, bring crumbs to find your ay out!",4,nothing,ì´ê²ƒì€ í° êµ¬ë¶ˆ êµ¬ë¶ˆ í•œ ì‡¼í•‘ëª°ì´ë©° ë§ì€ ìƒì ì´ ìˆì§€ë§Œ íŠ¹ë³„í•œ ê²ƒì€ ì—†ìŠµë‹ˆë‹¤. ë¶€ìŠ¤ëŸ¬ê¸°ë¥¼ ê°€ì ¸ì™€ì„œ ì°¾ìœ¼ì‹­ì‹œì˜¤!
5,5,5,405,It's a big mall. It's very modern. You can find everything and nothing at the same time. It's way too big. As a tourist this was not for me. I think it doesn't showcase the Korean culture. I don't know. I'm not a mall person I just came here because I had to see it for myself since it was my first time in Korea and it was on my way back from gangnam.  Skip this place if you don't have much time in Seoul. Come here if you have plenty of time.,5,nothing,í° ì‡¼í•‘ëª°ì…ë‹ˆë‹¤. ë§¤ìš° í˜„ëŒ€ì ì…ë‹ˆë‹¤. ë‹¹ì‹ ì€ ë™ì‹œì— ëª¨ë“  ê²ƒì„ ì°¾ì„ ìˆ˜ ìˆìŠµë‹ˆë‹¤. ë„ˆë¬´ í½ë‹ˆë‹¤. ê´€ê´‘ê°ìœ¼ë¡œì„œ ì´ê²ƒì€ ë‚˜ë¥¼ìœ„í•œ ê²ƒì´ ì•„ë‹™ë‹ˆë‹¤. í•œêµ­ ë¬¸í™”ë¥¼ ë³´ì—¬ì£¼ì§€ ì•ŠëŠ” ê²ƒ ê°™ì•„ìš”. ëª¨ë¥´ê² ì–´ìš”. ë‚˜ëŠ” ì‡¼í•‘ëª° ì‚¬ëŒì´ ì•„ë‹ˆë¼ í•œêµ­ì—ì„œ ì²˜ìŒìœ¼ë¡œ ê°•ë‚¨ì—ì„œ ëŒì•„ì˜¤ëŠ” ê¸¸ì— ì§ì ‘ ë´ì•¼í–ˆê¸° ë•Œë¬¸ì— ì—¬ê¸°ì— ì™”ìŠµë‹ˆë‹¤. ì„œìš¸ì— ì‹œê°„ì´ ë§ì§€ ì•Šë‹¤ë©´ ì´ê³³ì„ ê±´ë„ˆë›°ì„¸ìš”. ì‹œê°„ì´ ë§ìœ¼ë©´ ì—¬ê¸°ë¡œ ì˜¤ì„¸ìš”.
6,6,6,461,"After reading all the rave online reviews of coex mall, we decided to visit it.But our visit was quite a letdown.The mall was pretty empty and looked quite outdated.Aside from the aquarium and duty free shop, there was really nothing much to see.Would recommend that you only visit this place if there are any ongoing exhibitions or showcases otherwise it is not worth the time.",6,nothing,ì½”ì—‘ìŠ¤ëª°ì— ëŒ€í•œ ì˜¨ë¼ì¸ í›„ê¸°ë¥¼ ë‹¤ ì½ì€ í›„ ë°©ë¬¸í•˜ê¸°ë¡œ ê²°ì •í–ˆìŠµë‹ˆë‹¤.í•˜ì§€ë§Œ ìš°ë¦¬ì˜ ë°©ë¬¸ì€ ê½¤ ì‹¤ë§ìŠ¤ëŸ¬ì› ìŠµë‹ˆë‹¤.ëª°ì€ ê½¤ ë¹„ì–´ ìˆê³  ê½¤ ì˜¤ë˜ë˜ì–´ ë³´ì˜€ìŠµë‹ˆë‹¤.ìˆ˜ì¡±ê´€ê³¼ ë©´ì„¸ì ì„ ì œì™¸í•˜ê³ ëŠ” ì •ë§ ë³¼ ê²ƒì´ ë³„ë¡œ ì—†ì—ˆìŠµë‹ˆë‹¤. ì°¸ì¡°í•˜ì‹­ì‹œì˜¤. ì§„í–‰ì¤‘ì¸ ì „ì‹œíšŒ ë‚˜ ì‡¼ì¼€ì´ìŠ¤ê°€ìˆëŠ” ê²½ìš°ì—ë§Œì´ ì¥ì†Œë¥¼ ë°©ë¬¸í•˜ëŠ” ê²ƒì´ ì¢‹ìŠµë‹ˆë‹¤. ê·¸ë ‡ì§€ ì•Šìœ¼ë©´ ì‹œê°„ì„ í• ì•  í•  ê°€ì¹˜ê°€ ì—†ìŠµë‹ˆë‹¤.
7,7,7,470,"This is a huge mall with almost anything a person would need. It is very convenient if you live in the area, but nothing special.",7,nothing,ì´ê²ƒì€ ì‚¬ëŒì´ í•„ìš”ë¡œí•˜ëŠ” ê±°ì˜ ëª¨ë“  ê²ƒì„ ê°–ì¶˜ ê±°ëŒ€í•œ ì‡¼í•‘ëª°ì…ë‹ˆë‹¤. ì´ ì§€ì—­ì— ê±°ì£¼í•œë‹¤ë©´ ë§¤ìš° í¸ë¦¬í•˜ì§€ë§Œ íŠ¹ë³„í•œ ê²ƒì€ ì—†ìŠµë‹ˆë‹¤.
8,8,0,27, I visited COEX in Samseongdong on a business trip and it was good ,8,visited,ì¶œì¥ìœ¼ë¡œ ì‚¼ì„±ë™ ì½”ì—‘ìŠ¤ì— ë‹¤ë…€ì™”ëŠ”ë° ì¢‹ì•˜ì–´ìš”
9,9,1,137, Its been a while since Ive visited Its been a while but the clean facilities were good ,9,visited,ì˜¤ëœë§Œì— ê°€ë´¤ëŠ”ë° ì‹œì„¤ë„ ê¹¨ë—í•˜ê³  ì¢‹ì•„ìš”
10,10,2,195,"ä¼šè­°ã§ã®åˆ©ç”¨ï¼ˆå¤§ãƒ›ãƒ¼ãƒ«ï¼‰ã€‚ COEXãƒ¢ãƒ¼ãƒ«å†…ã«ã¯ã€ã‚·ãƒ§ãƒƒãƒ—ã€æ°´æ—é¤¨ã€å›³æ›¸é¤¨ãŒã‚ã‚Šã¾ã™ã€‚ å›³æ›¸é¤¨ã¯ã€æœ¬ã‚’æä¾›ã™ã‚‹ä½“åˆ¶ã¨ã„ã†ã‚ˆã‚Šã€å†…è£…ã‚„é›°å›²æ°—é‡è¦–ã§å¤–å›½äººçš„ã«ã¯è¦‹ã”ãŸãˆã‚ã‚Šã¾ã™ã€‚  I visited for meeting (large hall). There are shops, aquariums and libraries in the COEX Mall. Libraries are more attractive to foreigners because of their emphasis on interior and atmosphere rather than the system of providing books.",10,visited,"íšŒì˜ì—ì„œì˜ ì´ìš©(ëŒ€í˜• í™€). ì½”ì—‘ìŠ¤ ëª° ë‚´ì—ëŠ” ìƒì , ìˆ˜ì¡±ê´€, ë„ì„œê´€ì´ ìˆìŠµë‹ˆë‹¤. ë„ì„œê´€ì€, ì±…ì„ ì œê³µí•˜ëŠ” ì²´ì œë¼ê³  í•˜ëŠ” ê²ƒë³´ë‹¤, ë‚´ì¥ì´ë‚˜ ë¶„ìœ„ê¸° ì¤‘ì‹œë¡œ ì™¸êµ­ì¸ì ìœ¼ë¡œëŠ” ë³¼ ìˆ˜ ìˆìŠµë‹ˆë‹¤. I visited for meeting (large hall). There are shops, aquariums and libraries in the COEX Mall. Libraries are more attractive to foreigners because of their emphasis on interior and atmosphere rather than the system of providing books."
11,11,3,211,"Must the the most tourists-visited library in the world. A must-see, surely. Not large but the design is unique and visitor friendly. Rest of mall is quite standard with usual shops. There is an aquarium too.",11,visited,ì„¸ê³„ì—ì„œ ê°€ì¥ ë§ì€ ê´€ê´‘ê°ì´ ë°©ë¬¸í•˜ëŠ” ë„ì„œê´€ì´ì–´ì•¼ í•©ë‹ˆë‹¤. ê¼­ ë´ì•¼ í•©ë‹ˆë‹¤. í¬ì§€ëŠ” ì•Šì§€ë§Œ ë””ìì¸ì´ ë…íŠ¹í•˜ê³  ë°©ë¬¸ê°ì—ê²Œ ì¹œìˆ™í•©ë‹ˆë‹¤. ì‡¼í•‘ëª°ì˜ ë‚˜ë¨¸ì§€ ë¶€ë¶„ì€ ì¼ë°˜ì ì¸ ìƒì ê³¼ ë§¤ìš° ìœ ì‚¬í•©ë‹ˆë‹¤. ìˆ˜ì¡±ê´€ë„ ìˆìŠµë‹ˆë‹¤.
12,12,4,212,"We visited Starfield Coex Mall on a Sunday noon in September 2019 . Upon stepping into the mall, we were so so impressed by the huge library which is located right in the centre of the mall. There is a mammoth collection of local and foreign books and magazines and the tall huge walls are lined with books as well. The library is very spacious with many seats available for reading and browsing pleasure. Besides the amazing library, Starfield Coex is a modern mall with everything shoppers need for fashionwears & accessories and services for all ages and also plenty of dinning choices. Understand that within this hige mall, there convention halls, cinema and aquarium. We didnt explore much as we were heading for other destinations given our short stay in Seoul. It is a beautiful Mall and l would love to return for another visit for this is a place to make me smile , especially the lovely iconic library .",12,visited,"2019ë…„ 9ì›” ì¼ìš”ì¼ ì •ì˜¤ì— ìŠ¤íƒ€í•„ë“œ ì½”ì—‘ìŠ¤ëª°ì„ ë°©ë¬¸í–ˆìŠµë‹ˆë‹¤. ì‡¼í•‘ëª°ì— ë“¤ì–´ì„œìë§ˆì ìš°ë¦¬ëŠ” ì‡¼í•‘ëª° ì¤‘ì•™ì— ìœ„ì¹˜í•œ ê±°ëŒ€í•œ ë„ì„œê´€ì— ê¹Šì€ ì¸ìƒì„ ë°›ì•˜ìŠµë‹ˆë‹¤. êµ­ë‚´ì™¸ ì„œì ê³¼ ì¡ì§€ì˜ ë°©ëŒ€í•œ ì»¬ë ‰ì…˜ì´ ìˆìœ¼ë©° ë†’ê³  ê±°ëŒ€í•œ ë²½ì—ë„ ì±…ì´ ëŠ˜ì–´ì„œ ìˆìŠµë‹ˆë‹¤. ë„ì„œê´€ì€ ë§¤ìš° ë„“ê³  ë§ì€ ì¢Œì„ì´ ìˆì–´ ì±…ì„ ì½ê³  ì¦ê±°ìš´ ì‹œê°„ì„ ë³´ë‚¼ ìˆ˜ ìˆìŠµë‹ˆë‹¤. ë†€ë¼ìš´ ë„ì„œê´€ ì™¸ì—ë„ Starfield CoexëŠ” ëª¨ë“  ì—°ë ¹ëŒ€ë¥¼ ìœ„í•œ íŒ¨ì…˜ì›¨ì–´ ë° ì•¡ì„¸ì„œë¦¬ ë° ì„œë¹„ìŠ¤ì— ëŒ€í•´ ì‡¼í•‘ê°ì´ í•„ìš”ë¡œ í•˜ëŠ” ëª¨ë“  ê²ƒê³¼ ë‹¤ì–‘í•œ ì‹ì‚¬ ì„ íƒì„ ì œê³µí•˜ëŠ” í˜„ëŒ€ì ì¸ ì‡¼í•‘ëª°ì…ë‹ˆë‹¤. ì´ í•˜ì´ê²Œ ëª° ì•ˆì— ì»¨ë²¤ì…˜ í™€, ì˜í™”ê´€, ìˆ˜ì¡±ê´€ì´ ìˆìŒì„ ì´í•´í•˜ì‹­ì‹œì˜¤. ìš°ë¦¬ëŠ” ì„œìš¸ì—ì„œì˜ ì§§ì€ ì²´ë¥˜ë¥¼ ê°ì•ˆí•  ë•Œ ë‹¤ë¥¸ ëª©ì ì§€ë¡œ í–¥í•˜ê³  ìˆì—ˆê¸° ë•Œë¬¸ì— ë§ì´ íƒí—˜í•˜ì§€ ì•Šì•˜ìŠµë‹ˆë‹¤. ê·¸ê²ƒì€ ì•„ë¦„ë‹¤ìš´ ëª°ì´ê³  ë‚˜ëŠ” ì´ê²ƒì´ ë‚˜ë¥¼ ë¯¸ì†Œ ì§“ê²Œí•˜ëŠ” ê³³, íŠ¹íˆ ì‚¬ë‘ìŠ¤ëŸ¬ìš´ ìƒì§•ì  ì¸ ë„ì„œê´€ì´ê¸° ë•Œë¬¸ì— ë‹¤ì‹œ ë°©ë¬¸í•˜ê³  ì‹¶ìŠµë‹ˆë‹¤."
13,13,5,242,We were staying near by and visited the mall frequently for shopping and dining. Great mall. Super clean. Lots to do and see.,13,visited,ìš°ë¦¬ëŠ” ê·¼ì²˜ì— ë¨¸ë¬¼ë©´ì„œ ì‡¼í•‘ê³¼ ì‹ì‚¬ë¥¼ ìœ„í•´ ì‡¼í•‘ëª°ì„ ìì£¼ ë°©ë¬¸í–ˆìŠµë‹ˆë‹¤. í›Œë¥­í•œ ì‡¼í•‘ëª°. ë§¤ìš° ê¹¨ë—í•©ë‹ˆë‹¤. í•  ê²ƒê³¼ ë³¼ ê²ƒì´ ë§ìŠµë‹ˆë‹¤.
14,14,6,252,"We have limited time visiting Korea but we made sure to visit Coex. We visited Coex near closing time so we went straight to the library. I love the library, it is a good place just to rest and read. I can spend my entire day here. I will surely go back here.",14,visited,í•œêµ­ì„ ë°©ë¬¸í•˜ëŠ” ì‹œê°„ì´ ì œí•œë˜ì–´ ìˆì§€ë§Œ ì½”ì—‘ìŠ¤ë¥¼ ê¼­ ë°©ë¬¸í–ˆìŠµë‹ˆë‹¤. ì½”ì—‘ìŠ¤ëŠ” íê´€ì‹œê°„ì´ ê°€ê¹Œì›Œì„œ ë°”ë¡œ ë„ì„œê´€ìœ¼ë¡œ í–¥í–ˆìŠµë‹ˆë‹¤. ë‚˜ëŠ” ë„ì„œê´€ì„ ì¢‹ì•„í•œë‹¤. ê·¸ì € ì‰¬ê³  ì½ê¸°ì— ì¢‹ì€ ê³³ì´ë‹¤. ì—¬ê¸°ì—ì„œ í•˜ë£¨ ì¢…ì¼ ë³´ë‚¼ ìˆ˜ ìˆìŠµë‹ˆë‹¤. ë‚˜ëŠ” í™•ì‹¤íˆ ì—¬ê¸°ë¡œ ëŒì•„ê°ˆ ê²ƒì´ë‹¤.
15,15,7,266,Specifically visited here just to see the Library within this shopping mall!! It was wonderful to be surrounded by so many books and so many people reading!! The glass roof is a great addition for those studying below. I'd love to know how they reach the ones at the top!!,15,visited,ì´ ì‡¼í•‘ëª° ë‚´ì˜ ë„ì„œê´€ì„ ë³´ê¸° ìœ„í•´ íŠ¹ë³„íˆ ë°©ë¬¸í–ˆìŠµë‹ˆë‹¤!! ì •ë§ ë§ì€ ì±…ë“¤ê³¼ ë§ì€ ì‚¬ëŒë“¤ì´ ì±…ì„ ì½ê³  ìˆëŠ” ëª¨ìŠµì´ ë©‹ì¡ŒìŠµë‹ˆë‹¤!! ìœ ë¦¬ ì§€ë¶•ì€ ì•„ë˜ì—ì„œ ê³µë¶€í•˜ëŠ” ì‚¬ëŒë“¤ì—ê²Œ í° ë„ì›€ì´ ë©ë‹ˆë‹¤. ë‚˜ëŠ” ê·¸ë“¤ì´ ì •ìƒì— ìˆëŠ” ì‚¬ëŒë“¤ì—ê²Œ ì–´ë–»ê²Œ ë„ë‹¬í•˜ëŠ”ì§€ ì•Œê³  ì‹¶ìŠµë‹ˆë‹¤!!
16,16,8,288,"We only visited here for the Brick Live Lego shop. During our short visit, it seems the mall has events at their exhibition halls.  In addition to restaurants, there were McD and other fast food joints. Mall is connected to the Seoul metro.",16,visited,ìš°ë¦¬ëŠ” Brick Live Lego ìƒì ì„ ìœ„í•´ ì—¬ê¸°ì—ë§Œ ë°©ë¬¸í–ˆìŠµë‹ˆë‹¤. ì§§ì€ ë°©ë¬¸ ê¸°ê°„ ë™ì•ˆ ì‡¼í•‘ëª°ì˜ ì „ì‹œì¥ì—ì„œ ì´ë²¤íŠ¸ê°€ ì—´ë¦¬ëŠ” ê²ƒ ê°™ìŠµë‹ˆë‹¤. ë ˆìŠ¤í† ë‘ ì™¸ì—ë„ McD ë° ê¸°íƒ€ íŒ¨ìŠ¤íŠ¸ í‘¸ë“œ ì¡°ì¸íŠ¸ê°€ìˆì—ˆìŠµë‹ˆë‹¤. ëª°ì€ ì„œìš¸ ì§€í•˜ì² ê³¼ ì—°ê²°ë˜ì–´ ìˆìŠµë‹ˆë‹¤.
17,17,9,300,"After visiting SM Town, we visited the COEX mall next door and decided to grab lunch at one of the many restaurants located inside. The mall is massive: there are lots of stores and restaurants that we didn't have time to check out. What I liked about this mall was the underground passage that connected to the mall. We were there during Christmas and it was snowing, but due to the underground walkways we were able to cross to the other side without any difficulties from the weather.",17,visited,SMíƒ€ìš´ êµ¬ê²½ì„ ë§ˆì¹˜ê³  ë°”ë¡œ ì˜†ì— ìˆëŠ” ì½”ì—‘ìŠ¤ëª°ì„ ë‘˜ëŸ¬ë³´ê³  ê·¸ ì•ˆì— ìˆëŠ” ë§ì€ ì‹ë‹¹ ì¤‘ í•œ ê³³ì—ì„œ ì ì‹¬ì„ ë¨¹ê¸°ë¡œ í–ˆìŠµë‹ˆë‹¤. ì‡¼í•‘ëª°ì€ ê±°ëŒ€í•©ë‹ˆë‹¤. ìš°ë¦¬ê°€ ì²´í¬ì•„ì›ƒí•  ì‹œê°„ì´ ì—†ì—ˆë˜ ë§ì€ ìƒì ê³¼ ë ˆìŠ¤í† ë‘ì´ ìˆìŠµë‹ˆë‹¤. ì´ ì‡¼í•‘ëª°ì´ ë§ˆìŒì— ë“¤ì—ˆë˜ ì ì€ ì‡¼í•‘ëª°ê³¼ ì—°ê²°ëœ ì§€í•˜ í†µë¡œì˜€ìŠµë‹ˆë‹¤. ìš°ë¦¬ëŠ” í¬ë¦¬ìŠ¤ë§ˆìŠ¤ì— ê±°ê¸°ì— ìˆì—ˆê³  ëˆˆì´ ë‚´ë¦¬ê³  ìˆì—ˆì§€ë§Œ ì§€í•˜ ë³´ë„ ë•ë¶„ì— ë‚ ì”¨ì˜ ì–´ë ¤ì›€ì—†ì´ ë°˜ëŒ€í¸ìœ¼ë¡œ ê±´ë„ˆê°ˆ ìˆ˜ìˆì—ˆìŠµë‹ˆë‹¤.
18,18,10,308,"C1 ( 2017.04.13 ) I visited this shopping mall because I want to buy some books. There had many facilities like restaurant, shop, book store and theater, etc. Many brand shop and food court was operating, too. All was good with good atmosphere, but there was confused because of complicated load. Need detailed road sign, I think.",18,visited,"C1 ( 2017.04.13 ) ì±…ì„ ì‚¬ê³  ì‹¶ì–´ì„œ ì´ ì‡¼í•‘ëª°ì— ë“¤ë €ìŠµë‹ˆë‹¤. ì‹ë‹¹, ë§¤ì , ì„œì , ê·¹ì¥ ë“± ë§ì€ ì‹œì„¤ì´ ìˆì—ˆê³  ë§ì€ ë¸Œëœë“œìƒµê³¼ í‘¸ë“œì½”íŠ¸ë„ ìš´ì˜í•˜ê³  ìˆì—ˆìŠµë‹ˆë‹¤. ë¶„ìœ„ê¸°ê°€ ì¢‹ì•„ì„œ ëª¨ë‘ ì¢‹ì•˜ì§€ë§Œ ë³µì¡í•œ ë¶€í•˜ë¡œ í˜¼ë€ì´ ìˆì—ˆìŠµë‹ˆë‹¤. ìì„¸í•œ ë„ë¡œ í‘œì§€íŒì´ í•„ìš”í•˜ë‹¤ê³  ìƒê°í•©ë‹ˆë‹¤."
19,19,11,310,Ok I wouldn't call it the hidden gem of Seoul . The shops are expensive and I wouldn't have even visited the place if it weren't for a meeting near by. The duty free Lotte mall attached to it demands not only your passport but the return e tickets before letting you buy anything.. so if you want something from there keep the required documents with you.,19,visited,"ì¢‹ì•„, ë‚˜ëŠ” ê·¸ê²ƒì„ ì„œìš¸ì˜ ìˆ¨ê²¨ì§„ ë³´ì„ì´ë¼ê³  ë¶€ë¥´ì§€ ì•Šì„ ê²ƒì´ë‹¤. ê°€ê²Œë“¤ì´ ë¹„ì‹¸ê³  ê·¼ì²˜ì—ì„œ ëª¨ì„ì´ ì—†ì—ˆë‹¤ë©´ ê°€ë³´ì§€ë„ ëª»í–ˆì„ ê³³ì…ë‹ˆë‹¤. ë¶™ì–´ ìˆëŠ” ë¡¯ë°ë©´ì„¸ì  ë©´ì„¸ì ì—ì„œëŠ” ì—¬ê¶Œ ë¿ë§Œ ì•„ë‹ˆë¼ ì™•ë³µ í‹°ì¼“ë„ ìš”êµ¬í•˜ê³  ìˆìœ¼ë‹ˆ êµ¬ë§¤ ì „ í•„ìš”í•œ ì„œë¥˜ëŠ” ê¼­ ì±™ê²¨ê°€ì„¸ìš”."
20,20,12,326,"visited here since it's one of the biggest malls in korea. wasn't really too impressed by the shopping. but if you're an SM fan, there's an SM Coex Artium area which has a shop (usually packed with fans) and all sorts of other things to do. Also there's a city airport on level 1 that has a money changer that provides pretty decent rates.",20,visited,í•œêµ­ì—ì„œ ê°€ì¥ í° ì‡¼í•‘ëª° ì¤‘ í•˜ë‚˜ì´ê¸° ë•Œë¬¸ì— ì—¬ê¸°ë¥¼ ë°©ë¬¸í–ˆìŠµë‹ˆë‹¤. ì‡¼í•‘ì— ê·¸ë‹¤ì§€ ê°ë™í•˜ì§€ ì•Šì•˜ìŠµë‹ˆë‹¤. ê·¸ëŸ¬ë‚˜ SM íŒ¬ì´ë¼ë©´ SM Coex Artium êµ¬ì—­ì— ìƒì (ë³´í†µ íŒ¬ìœ¼ë¡œ ê°€ë“ ì°¨ ìˆìŒ)ê³¼ ëª¨ë“  ì¢…ë¥˜ì˜ í•  ì¼ì´ ìˆìŠµë‹ˆë‹¤. ë˜í•œ ê½¤ ê´œì°®ì€ ìš”ê¸ˆì„ ì œê³µí•˜ëŠ” í™˜ì „ì†Œê°€ ìˆëŠ” ë ˆë²¨ 1ì— ë„ì‹œ ê³µí•­ì´ ìˆìŠµë‹ˆë‹¤.
21,21,13,333,"One of the interesting places to visit in Seoul is the COEX Mall.I would say don't miss it. The best way to get there from the city center, if you are taking the subway, is to take line 3(the orange line). Line 2(green line) will also take there, but line 3 takes less than 25 minutes.Take line 3 to Seoul university station and then take line 2 to Samseong station. Whenever you get out of the train look at the station and vicinity map posted on the platform to see the closest exit to the mall. As you enter the mall, make a right and you will see the information desk and a virtual interactive map of the layout of the mall.Check this out before you start exploring the place. Check the various restaurants and the food court before you decide to eat. Believe me, you wouldn't want to miss out on some of the best food in Seoul, all under one roof. Also check out the various retail shops, just browse, even if you don't buy anything, this would be an interesting experience. Once you are done with the mall, check out the area around the mall. There is always something going on.When I visited in September, there was a free K-pop concert ( Korea Sale Festa) going on near the mall.",21,visited,ì„œìš¸ì—ì„œ ê°€ë³¼ ë§Œí•œ í¥ë¯¸ë¡œìš´ ê³³ ì¤‘ í•˜ë‚˜ëŠ” ì½”ì—‘ìŠ¤ëª°ì…ë‹ˆë‹¤. ë†“ì¹˜ì§€ ë§ˆì„¸ìš”. ì§€í•˜ì² ì„ ì´ìš©í•  ê²½ìš° ë„ì‹¬ì—ì„œ ê°€ì¥ ì¢‹ì€ ë°©ë²•ì€ 3í˜¸ì„ (ì£¼í™©ìƒ‰ ë¼ì¸)ì„ ì´ìš©í•˜ëŠ” ê²ƒì…ë‹ˆë‹¤. 2í˜¸ì„ (ë…¹ìƒ‰ì„ )ë„ ê°€ëŠ”ë° 3í˜¸ì„ ì„ íƒ€ë©´ 25ë¶„ì´ ì±„ ê±¸ë¦¬ì§€ ì•ŠìŠµë‹ˆë‹¤. 3í˜¸ì„ ì„ íƒ€ê³  ì„œìš¸ëŒ€ì—­ì—ì„œ í•˜ì°¨í•œ í›„ 2í˜¸ì„ ì„ íƒ€ê³  ì‚¼ì„±ì—­ìœ¼ë¡œ ê°‘ë‹ˆë‹¤. ê¸°ì°¨ì—ì„œ ë‚´ë¦´ ë•Œë§ˆë‹¤ í”Œë«í¼ì— ê²Œì‹œëœ ì—­ê³¼ ì£¼ë³€ ì§€ë„ë¥¼ ë³´ê³  ì‡¼í•‘ëª°ì—ì„œ ê°€ì¥ ê°€ê¹Œìš´ ì¶œêµ¬ë¥¼ í™•ì¸í•˜ì„¸ìš”. ì‡¼í•‘ëª°ì— ë“¤ì–´ì„œë©´ì„œ ìš°íšŒì „í•˜ë©´ ì•ˆë‚´ ë°ìŠ¤í¬ì™€ ì‡¼í•‘ëª° ë ˆì´ì•„ì›ƒì— ëŒ€í•œ ê°€ìƒ ëŒ€í™”í˜• ì§€ë„ê°€ í‘œì‹œë©ë‹ˆë‹¤. ì¥ì†Œë¥¼ íƒìƒ‰í•˜ê¸° ì „ì— ì´ê²ƒì„ í™•ì¸í•˜ì„¸ìš”. ì‹ì‚¬ë¥¼ ê²°ì •í•˜ê¸° ì „ì— ë‹¤ì–‘í•œ ë ˆìŠ¤í† ë‘ê³¼ í‘¸ë“œ ì½”íŠ¸ë¥¼ í™•ì¸í•˜ì‹­ì‹œì˜¤. ì €ë¥¼ ë¯¿ìœ¼ì‹­ì‹œì˜¤. í•œ ì§€ë¶• ì•„ë˜ì—ì„œ ì„œìš¸ ìµœê³ ì˜ ìŒì‹ì„ ë†“ì¹˜ê³  ì‹¶ì§€ ì•Šì„ ê²ƒì…ë‹ˆë‹¤. ë˜í•œ ë‹¤ì–‘í•œ ì†Œë§¤ì ì„ í™•ì¸í•˜ê³  ê²€ìƒ‰ë§Œ í•˜ë©´ ì•„ë¬´ê²ƒë„ ì‚¬ì§€ ì•Šë”ë¼ë„ í¥ë¯¸ë¡œìš´ ê²½í—˜ì´ ë  ê²ƒì…ë‹ˆë‹¤. ì‡¼í•‘ëª° ì´ìš©ì´ ëë‚˜ë©´ ì‡¼í•‘ëª° ì£¼ë³€ì„ ë‘˜ëŸ¬ë³´ì„¸ìš”. í•­ìƒ ë¬´ìŠ¨ ì¼ì´ ì¼ì–´ë‚˜ê³  ìˆì–´ìš”. ì œê°€ 9ì›”ì— ë°©ë¬¸í–ˆì„ ë•ŒëŠ” ì‡¼í•‘ëª° ê·¼ì²˜ì—ì„œ ë¬´ë£Œ KíŒ ì½˜ì„œíŠ¸(ì½”ë¦¬ì•„ì„¸ì¼í˜ìŠ¤íƒ€)ê°€ ì—´ë¦¬ê³  ìˆì—ˆì–´ìš”.
22,22,14,338,"This mall is very much like every other mall. There is a very good variety of shops and it has all the major skincare brands and make up brands. The clothes shops are also very trendy and cool.  The food malls have a large variety to choose from, the is halal food for Muslims, which is very convenient and new. Last time I visited almost 2 years ago, the wasn't any halal places to eat. Now there is, which I am very happy about!  The staff are very helpful and friendly. The location is very easy to find, right next to Samseong station.  The mall is located in a very nice area, very up and coming!",22,visited,ì´ ì‡¼í•‘ëª°ì€ ë‹¤ë¥¸ ëª¨ë“  ì‡¼í•‘ëª°ê³¼ ë§¤ìš° ìœ ì‚¬í•©ë‹ˆë‹¤. ë§¤ìš° ë‹¤ì–‘í•œ ìƒì ì´ ìˆìœ¼ë©° ëª¨ë“  ì£¼ìš” ìŠ¤í‚¨ì¼€ì–´ ë¸Œëœë“œì™€ ë©”ì´í¬ì—… ë¸Œëœë“œê°€ ìˆìŠµë‹ˆë‹¤. ì˜·ê°€ê²Œë„ êµ‰ì¥íˆ íŠ¸ë Œë””í•˜ê³  ë©‹ì§‘ë‹ˆë‹¤. í‘¸ë“œ ëª°ì—ëŠ” ì„ íƒí•  ìˆ˜ ìˆëŠ” ë‹¤ì–‘í•œ ì¢…ë¥˜ê°€ ìˆìœ¼ë©° ë¬´ìŠ¬ë¦¼ì„ ìœ„í•œ í• ë„ ì‹í’ˆì€ ë§¤ìš° í¸ë¦¬í•˜ê³  ìƒˆë¡­ìŠµë‹ˆë‹¤. ê±°ì˜ 2ë…„ ì „ì— ë§ˆì§€ë§‰ìœ¼ë¡œ ë°©ë¬¸í–ˆì„ ë•Œ í• ë„ ìŒì‹ì„ ë¨¹ì„ ìˆ˜ ìˆëŠ” ê³³ì´ ì—†ì—ˆìŠµë‹ˆë‹¤. ì´ì œ ê±°ê¸°ì— ëŒ€í•´ ë§¤ìš° ê¸°ì˜ê²Œ ìƒê°í•©ë‹ˆë‹¤! ì§ì›ë“¤ì€ ë§¤ìš° ë„ì›€ì´ë˜ê³  ì¹œì ˆí•©ë‹ˆë‹¤. ìœ„ì¹˜ëŠ” ì‚¼ì„±ì—­ ë°”ë¡œ ì˜†ì´ë¼ ì°¾ê¸°ë„ ì‰½ìŠµë‹ˆë‹¤. ì‡¼í•‘ëª°ì€ ë§¤ìš° ë©‹ì§„ ì§€ì—­ì— ìœ„ì¹˜í•˜ê³  ìˆìŠµë‹ˆë‹¤.
23,23,15,354,"When we visited this mall I kept wondering: maybe it's just because I am an American. We walked and walked and walked and we never found really much of anything. It was very strange. And then we would find ourselves in a giant, empty convention-hall lobby? All malls in Korea are not like this: we found several other malls to be sensibly laid-out and easy to navigate. Not so at the COEX Mall.",23,visited,ìš°ë¦¬ê°€ ì´ ì‡¼í•‘ëª°ì„ ë°©ë¬¸í–ˆì„ ë•Œ ë‚˜ëŠ” ê³„ì† ê¶ê¸ˆí–ˆìŠµë‹ˆë‹¤. ì•„ë§ˆë„ ë‚´ê°€ ë¯¸êµ­ì¸ì´ê¸° ë•Œë¬¸ì¼ ê²ƒì…ë‹ˆë‹¤. ìš°ë¦¬ëŠ” ê±·ê³  ê±·ê³  ê±¸ì—ˆì§€ë§Œ ì •ë§ë¡œ ë§ì€ ê²ƒì„ ì°¾ì§€ ëª»í–ˆìŠµë‹ˆë‹¤. ê·¸ê²ƒì€ ë§¤ìš° ì´ìƒí–ˆë‹¤. ê·¸ëŸ¬ë©´ ìš°ë¦¬ëŠ” ê±°ëŒ€í•˜ê³  í…… ë¹ˆ ì»¨ë²¤ì…˜ í™€ ë¡œë¹„ì—ì„œ ìì‹ ì„ ë°œê²¬í•˜ê²Œ ë ê¹Œìš”? í•œêµ­ì˜ ëª¨ë“  ì‡¼í•‘ëª°ì´ ì´ë ‡ì§€ëŠ” ì•ŠìŠµë‹ˆë‹¤. ìš°ë¦¬ëŠ” ë‹¤ë¥¸ ì—¬ëŸ¬ ì‡¼í•‘ëª°ì´ í•©ë¦¬ì ìœ¼ë¡œ ë°°ì¹˜ë˜ê³  íƒìƒ‰í•˜ê¸° ì‰¬ìš´ ê²ƒì„ ë°œê²¬í–ˆìŠµë‹ˆë‹¤. ì½”ì—‘ìŠ¤ëª°ì—ì„œëŠ” ê·¸ë ‡ì§€ ì•ŠìŠµë‹ˆë‹¤.
24,24,16,425,"The mall is located near the Samseong Metro station. This mall failed to impress us for numerous reasons. First of all, it's completely underground and feels totally claustrophobic. Secondly, it's incomplete and large parts of it are still being built. But most importantly - we visited the mall during the summer and parts of it (especially the parts still being built and renovated) were not air-conditioned. This resulted in unbearable temperatures inside the mall and the lack of ventilation plus the mass of people there made the entire experience uncomfortable, to say the least. While there are a lot of eateries around the malls, an aquarium, many shops, cinemas and pharmacies, we still could not escape but feel its gloomy atmosphere.",24,visited,"ì‡¼í•‘ëª°ì€ ì‚¼ì„± ì§€í•˜ì² ì—­ ê·¼ì²˜ì— ìˆìŠµë‹ˆë‹¤. ì´ ì‡¼í•‘ëª°ì€ ì—¬ëŸ¬ ê°€ì§€ ì´ìœ ë¡œ ìš°ë¦¬ì—ê²Œ ê¹Šì€ ì¸ìƒì„ ì£¼ì§€ ëª»í–ˆìŠµë‹ˆë‹¤. ìš°ì„ , ê·¸ê²ƒì€ ì™„ì „íˆ ì§€í•˜ì— ìˆê³  ì™„ì „íˆ ë°€ì‹¤ ê³µí¬ì¦ì„ ëŠë‚ë‹ˆë‹¤. ë‘˜ì§¸, ë¶ˆì™„ì „í•˜ê³  ë§ì€ ë¶€ë¶„ì´ ì•„ì§ ê±´ì„¤ ì¤‘ì…ë‹ˆë‹¤. ê·¸ëŸ¬ë‚˜ ê°€ì¥ ì¤‘ìš”í•œ ê²ƒì€ - ìš°ë¦¬ëŠ” ì—¬ë¦„ì— ì‡¼í•‘ëª°ì„ ë°©ë¬¸í–ˆê³  ê·¸ ì¼ë¶€(íŠ¹íˆ ì•„ì§ ê±´ì„¤ ë° ê°œì¡° ì¤‘ì¸ ë¶€í’ˆ)ì— ì—ì–´ì»¨ì´ ì„¤ì¹˜ë˜ì–´ ìˆì§€ ì•Šì•˜ìŠµë‹ˆë‹¤. ì´ë¡œ ì¸í•´ ì‡¼í•‘ëª° ë‚´ë¶€ì˜ ì˜¨ë„ê°€ ê²¬ë”œ ìˆ˜ ì—†ì—ˆê³  í™˜ê¸° ë¶€ì¡±ê³¼ ë§ì€ ì‚¬ëŒë“¤ì´ ì „ì²´ ê²½í—˜ì„ ë¶ˆí¸í•˜ê²Œ ë§Œë“¤ì—ˆìŠµë‹ˆë‹¤. ì‡¼í•‘ëª°, ìˆ˜ì¡±ê´€, ë§ì€ ìƒì , ì˜í™”ê´€ ë° ì•½êµ­ ì£¼ë³€ì— ë§ì€ ì‹ë‹¹ì´ ìˆì§€ë§Œ ì—¬ì „íˆ ìš°ìš¸í•œ ë¶„ìœ„ê¸°ë¥¼ í”¼í•  ìˆ˜ëŠ” ì—†ìŠµë‹ˆë‹¤."
25,25,17,434,"I had a convention on COEX and I had little chance to visit the mall. Before I came to Seoul I heard that COEX mall is one the famous indoor shopping mall. But when I visited there, they were having renovation. Most of the shops were closed. Hmmm... But still you can find some shops opened. It would be very convenient if the weather is bad. But it's worth vising for those of you who have conference or business in COEX but if not, I recommend you to visit Garosu-gil instead.",25,visited,ì½”ì—‘ìŠ¤ì—ì„œ ì»¨ë²¤ì…˜ì´ ìˆì–´ì„œ ì‡¼í•‘ëª°ì„ ë°©ë¬¸í•  ê¸°íšŒê°€ ê±°ì˜ ì—†ì—ˆìŠµë‹ˆë‹¤. ì„œìš¸ì— ì˜¤ê¸° ì „ì— ì½”ì—‘ìŠ¤ëª°ì´ ìœ ëª…í•œ ì‹¤ë‚´ ì‡¼í•‘ëª° ì¤‘ í•˜ë‚˜ë¼ê³  ë“¤ì—ˆìŠµë‹ˆë‹¤. ê·¸ëŸ°ë° ì œê°€ ë°©ë¬¸í–ˆì„ ë•ŒëŠ” ë³´ìˆ˜ê³µì‚¬ë¥¼ í•˜ê³  ìˆì—ˆìŠµë‹ˆë‹¤. ëŒ€ë¶€ë¶„ì˜ ìƒì ì´ ë¬¸ì„ ë‹«ì•˜ìŠµë‹ˆë‹¤. í .. í•˜ì§€ë§Œ ì•„ì§ë„ ëª‡ëª‡ ê°€ê²Œê°€ ë¬¸ì„ ì—° ê²ƒì„ ë³¼ ìˆ˜ ìˆìŠµë‹ˆë‹¤. ë‚ ì”¨ê°€ ì¢‹ì§€ ì•Šìœ¼ë©´ ë§¤ìš° í¸ë¦¬í•  ê²ƒì…ë‹ˆë‹¤. í•˜ì§€ë§Œ ì½”ì—‘ìŠ¤ì—ì„œ íšŒì˜ë‚˜ ì—…ë¬´ê°€ ìˆìœ¼ì‹  ë¶„ë“¤ì€ ê°€ë³¼ë§Œ í•œë° ê·¸ë ‡ì§€ ì•Šë‹¤ë©´ ê°€ë¡œìˆ˜ê¸¸ì„ ì¶”ì²œí•©ë‹ˆë‹¤.
26,26,18,444,"Very huge mall with many shopping as well. But we didn't shop much as most are retail and departmental stores. They're better shopping areas like hongdae, ewha uni etc. We came to COEX mall for Marche, as it's world's no.1 marche which serves buffet! One pax for 23000W, what a good deal! And it's near Lotte World as well. I would recommend coming here if you're heading to Lotte World to have the marche buffet, if not probably not worth coming to the end of Jamsil Station. If you've visited my profile, you will read more details in my blog. xx",26,visited,"ë§ì€ ì‡¼í•‘ì´ìˆëŠ” ë§¤ìš° ê±°ëŒ€í•œ ì‡¼í•‘ëª°. ê·¸ëŸ¬ë‚˜ ìš°ë¦¬ëŠ” ëŒ€ë¶€ë¶„ì˜ ì†Œë§¤ì ê³¼ ë°±í™”ì ì²˜ëŸ¼ ë§ì´ ì‡¼í•‘í•˜ì§€ ì•Šì•˜ìŠµë‹ˆë‹¤. í™ëŒ€, ì´í™”ì—¬ëŒ€ ë“± ë” ì¢‹ì€ ì‡¼í•‘ê±°ë¦¬ì—ìš”. ìš°ë¦¬ëŠ” ë§ˆë¥´ì‰ë¥¼ ìœ„í•´ ì½”ì—‘ìŠ¤ëª°ì— ì™”ì–´ìš”, ë·”í˜ê°€ ì„¸ê³„ 1ìœ„ í–‰ì§„ì´ë¼ì„œ! 23000Wì— í•œ ì‚¬ëŒ, ì •ë§ ì¢‹ì€ ê±°ë˜ì…ë‹ˆë‹¤! ë¡¯ë°ì›”ë“œì™€ë„ ê°€ê¹ìŠµë‹ˆë‹¤. ì ì‹¤ì—­ ëê¹Œì§€ ì˜¬ ê°€ì¹˜ê°€ ì—†ë‹¤ë©´ í–‰ì§„ ë·”í˜ë¥¼ ë¨¹ê¸° ìœ„í•´ ë¡¯ë° ì›”ë“œë¡œ í–¥í•˜ëŠ” ê²½ìš° ì—¬ê¸°ì— ì˜¤ëŠ” ê²ƒì´ ì¢‹ìŠµë‹ˆë‹¤. ë‚´ í”„ë¡œí•„ì„ ë°©ë¬¸í–ˆë‹¤ë©´ ë‚´ ë¸”ë¡œê·¸ì—ì„œ ìì„¸í•œ ë‚´ìš©ì„ ì½ì„ ìˆ˜ ìˆìŠµë‹ˆë‹¤. ë”ë¸” ì—‘ìŠ¤"
27,27,19,460,"I visited the COEX mall after reading great reviews. Unfortunately there are major renovations happening until early 2014, and as a result there is not a lot to do. There are still some shops open, as well as the acquarium and cinemas, but there are better shopping areas available in Seoul. I think this will all be rectified when the renovations are complete",27,visited,ì¢‹ì€ ë¦¬ë·°ë¥¼ ì½ê³  ì½”ì—‘ìŠ¤ ëª°ì„ ë°©ë¬¸í–ˆìŠµë‹ˆë‹¤. ë¶ˆí–‰íˆë„ 2014ë…„ ì´ˆê¹Œì§€ ëŒ€ëŒ€ì ì¸ ë³´ìˆ˜ ê³µì‚¬ê°€ ì§„í–‰ë˜ê³  ìˆì–´ í•  ì¼ì´ ë§ì§€ ì•ŠìŠµë‹ˆë‹¤. ìˆ˜ì¡±ê´€ê³¼ ì˜í™”ê´€ë¿ë§Œ ì•„ë‹ˆë¼ ì—¬ì „íˆ ì¼ë¶€ ìƒì ì´ ì—´ë ¤ ìˆì§€ë§Œ ì„œìš¸ì—ëŠ” ë” ë‚˜ì€ ì‡¼í•‘ ì§€ì—­ì´ ìˆìŠµë‹ˆë‹¤. ë¦¬ë…¸ë² ì´ì…˜ì´ ì™„ë£Œë˜ë©´ ì´ ëª¨ë“  ê²ƒì´ ìˆ˜ì •ë  ê²ƒì´ë¼ê³  ìƒê°í•©ë‹ˆë‹¤.
28,28,20,464,"After visiting Lotte Myeongdong the night before, we went to Coex with anticipation. Coex Mall was huge with a few malls and departmental stores joined together in the underpass. However, the place had just begun its refurbishment when we visited and many shops and restaurants were closed since end Mar. Megabox cineplex, the Aquarium, Lotte Duty Free and the big bookstore were still opened. There were only limited local dining options. Coex looked like a mall from the 80s. The public bathrooms stink. Yes, Coex NEEDS the refurbishment.  We were quite disappointed by the Coex experience, really. Wish the hotel concierge could have told us and saved us the time (45 mins in evening peak traffic) to cab there from Gangbuk.",28,visited,"ì „ë‚  ë°¤ ë¡¯ë°ëª…ë™ì„ ë‹¤ë…€ì˜¨ ë’¤ ê¸°ëŒ€ê°ì„ ì•ˆê³  ì½”ì—‘ìŠ¤ë¡œ í–¥í–ˆë‹¤. ì½”ì—‘ìŠ¤ ëª°ì€ ì§€í•˜ë„ì— ëª‡ ê°œì˜ ì‡¼í•‘ëª°ê³¼ ë°±í™”ì ì´ í•¨ê»˜ ëª¨ì—¬ìˆëŠ” ê±°ëŒ€í–ˆìŠµë‹ˆë‹¤. ê·¸ëŸ¬ë‚˜ ìš°ë¦¬ê°€ ë°©ë¬¸í–ˆì„ ë•Œ ì´ê³³ì€ ë³´ìˆ˜ ê³µì‚¬ë¥¼ ë§‰ ì‹œì‘í–ˆìœ¼ë©° 3 ì›” ë§ë¶€í„° ë§ì€ ìƒì ê³¼ ë ˆìŠ¤í† ë‘ì´ ë¬¸ì„ ë‹«ì•˜ìŠµë‹ˆë‹¤. Megabox cineplex, ìˆ˜ì¡±ê´€, ë¡¯ë° ë©´ì„¸ì  ë° ëŒ€í˜• ì„œì ì€ ì—¬ì „íˆ â€‹â€‹â€‹â€‹ì—´ë ¸ìŠµë‹ˆë‹¤. í˜„ì§€ ì‹ì‚¬ ì˜µì…˜ì€ ì œí•œì ì´ì—ˆìŠµë‹ˆë‹¤. ì½”ì—‘ìŠ¤ëŠ” 80ë…„ëŒ€ ì‡¼í•‘ëª° ê°™ì•˜ë‹¤. ê³µì¤‘ í™”ì¥ì‹¤ì€ ì•…ì·¨ê°€ ë‚œë‹¤. ë„¤, ì½”ì—‘ìŠ¤ëŠ” ë³´ìˆ˜ê°€ í•„ìš”í•©ë‹ˆë‹¤. ìš°ë¦¬ëŠ” Coex ê²½í—˜ì— ì •ë§ ì‹¤ë§í–ˆìŠµë‹ˆë‹¤. í˜¸í…” ì»¨ì‹œì–´ì§€ê°€ ê°•ë¶ì—ì„œ íƒì‹œë¥¼ íƒ€ëŠ” ì‹œê°„(ì €ë… í”¼í¬ íŠ¸ë˜í”½ì—ì„œ 45ë¶„)ì„ ì•Œë ¤ì£¼ê³  ì ˆì•½í•  ìˆ˜ ìˆê¸°ë¥¼ ë°”ëë‹ˆë‹¤."
29,29,0,9,liked the fact it was huge not much to shop here though but worth a look around,29,much,ì—¬ê¸°ì—ì„œ ì‡¼í•‘í•  ê²ƒì´ ë§ì§€ëŠ” ì•Šì§€ë§Œ ë‘˜ëŸ¬ë³¼ ê°€ì¹˜ê°€ ìˆë‹¤ëŠ” ì‚¬ì‹¤ì´ ë§ˆìŒì— ë“¤ì—ˆìŠµë‹ˆë‹¤.
30,30,1,53, It feels much brighter and cleaner But I still need to fill it up more so one point is deducted ,30,much,í›¨ì”¬ ë°ê³  ê¹¨ë—í•œ ëŠë‚Œì¸ë° ì•„ì§ ë” ì±„ì›Œì•¼ í•´ì„œ 1ì  ê°ì 
31,31,2,127, I love this place There is so much here and everything is firstclass and creative ,31,much,ë‚˜ëŠ” ì´ê³³ì„ ì‚¬ë‘í•©ë‹ˆë‹¤ ì—¬ê¸°ì— ë„ˆë¬´ ë§ê³  ëª¨ë“  ê²ƒì´ ì¼ë¥˜ì´ê³  ì°½ì˜ì ì…ë‹ˆë‹¤
32,32,3,145,So much to do and see but not much shopping even tho there r tons of shops,32,much,í•  ê²ƒê³¼ ë³¼ ê²ƒì´ ë„ˆë¬´ ë§ì§€ë§Œ ìƒì ì´ ë§ì´ ìˆì–´ë„ ì‡¼í•‘ì€ ë§ì§€ ì•ŠìŠµë‹ˆë‹¤.
33,33,4,146, At Coex Plaza we can buy clothes sweaters household needs etc at several shops at a reasonable price not much different from in Jakarta Like Uniqlo the price is not much different I like to buy a discount is ,33,much,ì½”ì—‘ìŠ¤í”Œë¼ìì—ì„œëŠ” ì˜ë¥˜ ìŠ¤ì›¨í„° ìƒí™œìš©í’ˆ ë“± ì—¬ëŸ¬ ê°€ê²Œì—ì„œ ìì¹´ë¥´íƒ€ì™€ í¬ê²Œ ë‹¤ë¥´ì§€ ì•Šì€ í•©ë¦¬ì ì¸ ê°€ê²©ìœ¼ë¡œ ì‚´ ìˆ˜ ìˆì–´ìš” ìœ ë‹ˆí´ë¡œì²˜ëŸ¼ ê°€ê²©ë„ í¬ê²Œ ë‹¤ë¥´ì§€ ì•Šì•„ í• ì¸ êµ¬ë§¤í•˜ê³  ì‹¶ì–´ìš”
34,34,5,209,"Starfield at COEX is one of the best malls in Seoul, quite large, lots of choice of shops and restaurants. It is one of two co-joined malls, also with two hotels, movie theater and much more. One can easily spend half a day there. So large that it is at times easy to get lost but lots of signage helps. Whenever we are in Seoul we go to this mall to stroll around and see whats new and interesting as well as to have a nice meal. Really one of the best in the city.",34,much,"COEXì˜ StarfieldëŠ” ì„œìš¸ ìµœê³ ì˜ ì‡¼í•‘ëª° ì¤‘ í•˜ë‚˜ì´ë©° ìƒë‹¹íˆ í¬ê³  ë‹¤ì–‘í•œ ìƒì ê³¼ ë ˆìŠ¤í† ë‘ì´ ìˆìŠµë‹ˆë‹¤. ê·¸ê²ƒì€ 2ê°œì˜ í˜¸í…”, ì˜í™”ê´€ ë“±ì´ ìˆëŠ” 2ê°œì˜ ê³µë™ ê²°í•©ëœ ì‡¼í•‘ëª° ì¤‘ í•˜ë‚˜ì…ë‹ˆë‹¤. ê·¸ê³³ì—ì„œ ë°˜ë‚˜ì ˆì„ ì‰½ê²Œ ë³´ë‚¼ ìˆ˜ ìˆìŠµë‹ˆë‹¤. ë„ˆë¬´ ì»¤ì„œ ê¸¸ì„ ìƒê¸° ì‰½ì§€ë§Œ ë§ì€ ê°„íŒì´ ë„ì›€ì´ ë©ë‹ˆë‹¤. ìš°ë¦¬ê°€ ì„œìš¸ì— ìˆì„ ë•Œë§ˆë‹¤ ìš°ë¦¬ëŠ” ì´ ì‡¼í•‘ëª°ì— ê°€ì„œ ì£¼ë³€ì„ ì‚°ì±…í•˜ê³  ìƒˆë¡­ê³  í¥ë¯¸ë¡œìš´ ê²ƒì„ ë³´ê³  ë§›ìˆëŠ” ì‹ì‚¬ë¥¼ í•©ë‹ˆë‹¤. ì •ë§ ë„ì‹œì—ì„œ ìµœê³  ì¤‘ í•˜ë‚˜ì…ë‹ˆë‹¤."
35,35,6,212,"We visited Starfield Coex Mall on a Sunday noon in September 2019 . Upon stepping into the mall, we were so so impressed by the huge library which is located right in the centre of the mall. There is a mammoth collection of local and foreign books and magazines and the tall huge walls are lined with books as well. The library is very spacious with many seats available for reading and browsing pleasure. Besides the amazing library, Starfield Coex is a modern mall with everything shoppers need for fashionwears & accessories and services for all ages and also plenty of dinning choices. Understand that within this hige mall, there convention halls, cinema and aquarium. We didnt explore much as we were heading for other destinations given our short stay in Seoul. It is a beautiful Mall and l would love to return for another visit for this is a place to make me smile , especially the lovely iconic library .",35,much,"2019ë…„ 9ì›” ì¼ìš”ì¼ ì •ì˜¤ì— ìŠ¤íƒ€í•„ë“œ ì½”ì—‘ìŠ¤ëª°ì„ ë°©ë¬¸í–ˆìŠµë‹ˆë‹¤. ì‡¼í•‘ëª°ì— ë“¤ì–´ì„œìë§ˆì ìš°ë¦¬ëŠ” ì‡¼í•‘ëª° ì¤‘ì•™ì— ìœ„ì¹˜í•œ ê±°ëŒ€í•œ ë„ì„œê´€ì— ê¹Šì€ ì¸ìƒì„ ë°›ì•˜ìŠµë‹ˆë‹¤. êµ­ë‚´ì™¸ ì„œì ê³¼ ì¡ì§€ì˜ ë°©ëŒ€í•œ ì»¬ë ‰ì…˜ì´ ìˆìœ¼ë©° ë†’ê³  ê±°ëŒ€í•œ ë²½ì—ë„ ì±…ì´ ëŠ˜ì–´ì„œ ìˆìŠµë‹ˆë‹¤. ë„ì„œê´€ì€ ë§¤ìš° ë„“ê³  ë§ì€ ì¢Œì„ì´ ìˆì–´ ì±…ì„ ì½ê³  ì¦ê±°ìš´ ì‹œê°„ì„ ë³´ë‚¼ ìˆ˜ ìˆìŠµë‹ˆë‹¤. ë†€ë¼ìš´ ë„ì„œê´€ ì™¸ì—ë„ Starfield CoexëŠ” ëª¨ë“  ì—°ë ¹ëŒ€ë¥¼ ìœ„í•œ íŒ¨ì…˜ì›¨ì–´ ë° ì•¡ì„¸ì„œë¦¬ ë° ì„œë¹„ìŠ¤ì— ëŒ€í•´ ì‡¼í•‘ê°ì´ í•„ìš”ë¡œ í•˜ëŠ” ëª¨ë“  ê²ƒê³¼ ë‹¤ì–‘í•œ ì‹ì‚¬ ì„ íƒì„ ì œê³µí•˜ëŠ” í˜„ëŒ€ì ì¸ ì‡¼í•‘ëª°ì…ë‹ˆë‹¤. ì´ í•˜ì´ê²Œ ëª° ì•ˆì— ì»¨ë²¤ì…˜ í™€, ì˜í™”ê´€, ìˆ˜ì¡±ê´€ì´ ìˆìŒì„ ì´í•´í•˜ì‹­ì‹œì˜¤. ìš°ë¦¬ëŠ” ì„œìš¸ì—ì„œì˜ ì§§ì€ ì²´ë¥˜ë¥¼ ê°ì•ˆí•  ë•Œ ë‹¤ë¥¸ ëª©ì ì§€ë¡œ í–¥í•˜ê³  ìˆì—ˆê¸° ë•Œë¬¸ì— ë§ì´ íƒí—˜í•˜ì§€ ì•Šì•˜ìŠµë‹ˆë‹¤. ê·¸ê²ƒì€ ì•„ë¦„ë‹¤ìš´ ëª°ì´ê³  ë‚˜ëŠ” ì´ê²ƒì´ ë‚˜ë¥¼ ë¯¸ì†Œ ì§“ê²Œí•˜ëŠ” ê³³, íŠ¹íˆ ì‚¬ë‘ìŠ¤ëŸ¬ìš´ ìƒì§•ì  ì¸ ë„ì„œê´€ì´ê¸° ë•Œë¬¸ì— ë‹¤ì‹œ ë°©ë¬¸í•˜ê³  ì‹¶ìŠµë‹ˆë‹¤."
36,36,7,223,"Coex mall is pretty much Korea's version of the mall in the states. Not just western designer such as Zara and H&M, but the layout is not your typical Korean style mall. Building is long instead of tall. I do recommend to come here at least once for the amazing library design. Stores are ok but the library has amazing layout with gorgeous backdrop. Also a good place to come if it rains.",36,much,"ì½”ì—‘ìŠ¤ ëª°ì€ ê±°ì˜ í•œêµ­ ë²„ì „ì˜ ë¯¸êµ­ ì‡¼í•‘ëª°ì…ë‹ˆë‹¤. Zara, H&Mê³¼ ê°™ì€ ì„œì–‘ ë””ìì´ë„ˆë¿ë§Œ ì•„ë‹ˆë¼ ë ˆì´ì•„ì›ƒì€ ì „í˜•ì ì¸ í•œêµ­ ìŠ¤íƒ€ì¼ì˜ ì‡¼í•‘ëª°ì´ ì•„ë‹™ë‹ˆë‹¤. ê±´ë¬¼ì€ ë†’ì€ ëŒ€ì‹  ê¸¸ë‹¤. ë‚˜ëŠ” ë†€ë¼ìš´ ë¼ì´ë¸ŒëŸ¬ë¦¬ ë””ìì¸ì„ ìœ„í•´ ì ì–´ë„ í•œ ë²ˆì€ ì—¬ê¸°ì— ì˜¤ëŠ” ê²ƒì´ ì¢‹ìŠµë‹ˆë‹¤. ìƒì ì€ ê´œì°®ì§€ ë§Œ ë„ì„œê´€ì€ ë©‹ì§„ ë°°ê²½ìœ¼ë¡œ ë†€ë¼ìš´ ë ˆì´ì•„ì›ƒì„ ê°€ì§€ê³  ìˆìŠµë‹ˆë‹¤. ë¹„ê°€ ì˜¤ë©´ ì˜¤ê¸° ì¢‹ì€ ê³³ì´ê¸°ë„ í•©ë‹ˆë‹¤."
37,37,8,240,Seoul is famous for its markets but you can have a more relaxed shopping experience in Coex. I'm not much into fashion but I can stay for HOURS in the home section in ALand. It's got a huge collection of items from Flying Tiger Copenhagen which I love because they're fun and funky and oh so cheap. The food court offers a wide range of choices too!,37,much,ì„œìš¸ì€ ì‹œì¥ìœ¼ë¡œ ìœ ëª…í•˜ì§€ë§Œ ì½”ì—‘ìŠ¤ì—ì„œëŠ” ì¢€ ë” ì—¬ìœ ë¡œìš´ ì‡¼í•‘ì„ ì¦ê¸¸ ìˆ˜ ìˆìŠµë‹ˆë‹¤. ë‚˜ëŠ” íŒ¨ì…˜ì— ë³„ë¡œ ê´€ì‹¬ì´ ì—†ì§€ë§Œ Alandì˜ í™ˆ ì„¹ì…˜ì—ì„œ HOURS ë™ì•ˆ ë¨¸ë¬¼ ìˆ˜ ìˆìŠµë‹ˆë‹¤. í”Œë¼ì‰ íƒ€ì´ê±° ì½”íœí•˜ê²(Flying Tiger Copenhagen)ì˜ ë°©ëŒ€í•œ ì•„ì´í…œ ì»¬ë ‰ì…˜ì´ ìˆìŠµë‹ˆë‹¤. ì¬ë¯¸ìˆê³  í‘í‚¤í•˜ê³  ë„ˆë¬´ ì €ë ´í•˜ê¸° ë•Œë¬¸ì— ì œê°€ ì¢‹ì•„í•˜ëŠ” ê²ƒì…ë‹ˆë‹¤. í‘¸ë“œ ì½”íŠ¸ë„ ë‹¤ì–‘í•œ ì„ íƒì„ ì œê³µí•©ë‹ˆë‹¤!
38,38,9,245,"Given this mall is spread so wide, it will take much walking to cover the grounds. You will find all your known brands inside. They even have an aquarium but will need entrance fees @ 28k won to enter. Lots of restaurants and cafes as well.",38,much,ì´ ì‡¼í•‘ëª°ì´ ë„ˆë¬´ ë„“ê²Œ í¼ì ¸ ìˆê¸° ë•Œë¬¸ì— ë¶€ì§€ë¥¼ ë®ìœ¼ë ¤ë©´ ë§ì€ ë„ë³´ê°€ í•„ìš”í•  ê²ƒì…ë‹ˆë‹¤. ë‚´ë¶€ì—ì„œ ì•Œë ¤ì§„ ëª¨ë“  ë¸Œëœë“œë¥¼ ì°¾ì„ ìˆ˜ ìˆìŠµë‹ˆë‹¤. ê·¸ë“¤ì€ ìˆ˜ì¡±ê´€ë„ ìˆì§€ë§Œ ì…ì¥í•˜ë ¤ë©´ ì…ì¥ë£Œ @ 28kê°€ í•„ìš”í•©ë‹ˆë‹¤. ë§ì€ ë ˆìŠ¤í† ë‘ê³¼ ì¹´í˜ë„ ìˆìŠµë‹ˆë‹¤.
39,39,10,263,"Housing the largest underground mall in Asia, this place served as a great respite from the blistering 2018 summer heat. You will find plenty to do here - there is even a library! There are also plenty of familiar names for shopping. Having come here with the family, my wallet was very much lighter when we left!!",39,much,ì•„ì‹œì•„ì—ì„œ ê°€ì¥ í° ì§€í•˜ ì‡¼í•‘ëª°ì´ ìˆëŠ” ì´ê³³ì€ 2018ë…„ ë¬´ë”ìš´ ì—¬ë¦„ ë”ìœ„ë¥¼ ì‹í ìˆ˜ ìˆëŠ” í›Œë¥­í•œ íœ´ì‹ì²˜ì˜€ìŠµë‹ˆë‹¤. ì—¬ê¸°ì—ì„œ í•  ì¼ì´ ë§ì´ ìˆìŠµë‹ˆë‹¤. ë„ì„œê´€ë„ ìˆìŠµë‹ˆë‹¤! ì‡¼í•‘ì— ëŒ€í•œ ì¹œìˆ™í•œ ì´ë¦„ë„ ë§ì´ ìˆìŠµë‹ˆë‹¤. ê°€ì¡±ë¼ë¦¬ ì™”ë”ë‹ˆ ë‚˜ê°ˆë•Œ ì§€ê°‘ì´ í›¨ì”¬ ê°€ë²¼ì›Œì¡Œì–´ìš”!!
40,40,11,298,"This mall is nearby to gangnam gu area. Its a huge underground shopping complex which is a part of much bigger coex convention centre. The famous coex aquarium is situated within this mall. This mall has many entrance gates. It remains open till 10 pm (some of the shops start closing at 9:30 pm) after that only the restaurants remain open till 11. Many of the good restaurant s too close by 9:30 pm. So its better to visit this mall early in the evening. This mall houses many local as well as international brands. It is also a good place to buy some souvenirs though it will be a little costly. There are varieties of restaurants serving different cuisines of the world. One can get Korean, Japanese, European, Italian, American, Indian & Mediterranean restaurants there.",40,much,"ì´ ì‡¼í•‘ëª°ì€ ê°•ë‚¨êµ¬ ì§€ì—­ê³¼ ê°€ê¹ìŠµë‹ˆë‹¤. í›¨ì”¬ ë” í° ì½”ì—‘ìŠ¤ ì»¨ë²¤ì…˜ ì„¼í„°ì˜ ì¼ë¶€ì¸ ê±°ëŒ€í•œ ì§€í•˜ ì‡¼í•‘ ë‹¨ì§€ì…ë‹ˆë‹¤. ìœ ëª…í•œ ì½”ì—‘ìŠ¤ ìˆ˜ì¡±ê´€ì´ ì´ ì‡¼í•‘ëª° ì•ˆì— ìˆìŠµë‹ˆë‹¤. ì´ ì‡¼í•‘ëª°ì—ëŠ” ë§ì€ ì¶œì…êµ¬ê°€ ìˆìŠµë‹ˆë‹¤. ì €ë… 10ì‹œê¹Œì§€ ì˜ì—…í•©ë‹ˆë‹¤(ì¼ë¶€ ìƒì ì€ ì˜¤í›„ 9ì‹œ 30ë¶„ì— ë¬¸ì„ ë‹«ê¸° ì‹œì‘í•©ë‹ˆë‹¤). ê·¸ ì´í›„ì—ëŠ” ë ˆìŠ¤í† ë‘ë§Œ 11ì‹œê¹Œì§€ ì˜ì—…í•©ë‹ˆë‹¤. ì¢‹ì€ ë ˆìŠ¤í† ë‘ì€ ëŒ€ë¶€ë¶„ 9ì‹œ 30ë¶„ì— ë¬¸ì„ ë‹«ìŠµë‹ˆë‹¤. ë”°ë¼ì„œ ì €ë… ì¼ì°ì´ ì‡¼í•‘ëª°ì„ ë°©ë¬¸í•˜ëŠ” ê²ƒì´ ì¢‹ìŠµë‹ˆë‹¤. ì´ ì‡¼í•‘ëª°ì—ëŠ” ë§ì€ í˜„ì§€ ë¸Œëœë“œì™€ êµ­ì œ ë¸Œëœë“œê°€ ìˆìŠµë‹ˆë‹¤. ì•½ê°„ì˜ ë¹„ìš©ì´ ë“¤ì§€ë§Œ ê¸°ë…í’ˆì„ ì‚¬ê¸°ì—ë„ ì¢‹ì€ ê³³ì…ë‹ˆë‹¤. ì„¸ê³„ì˜ ë‹¤ì–‘í•œ ìš”ë¦¬ë¥¼ ì œê³µí•˜ëŠ” ë‹¤ì–‘í•œ ë ˆìŠ¤í† ë‘ì´ ìˆìŠµë‹ˆë‹¤. í•œêµ­, ì¼ë³¸, ìœ ëŸ½, ì´íƒˆë¦¬ì•„, ë¯¸êµ­, ì¸ë„ ë° ì§€ì¤‘í•´ ë ˆìŠ¤í† ë‘ì„ ì°¾ì„ ìˆ˜ ìˆìŠµë‹ˆë‹¤."
41,41,12,301,"best place to shop in one location - much better than meong-deong or dongdemun. Has some most major stores, an aquarium and a massive library/attrium. Foods, shops, cinema. Massive area.",41,much,"í•œ ê³³ì—ì„œ ì‡¼í•‘í•˜ê¸° ê°€ì¥ ì¢‹ì€ ê³³ - ë©ë™ì´ë‚˜ ë™ëŒ€ë¬¸ë³´ë‹¤ í›¨ì”¬ ì¢‹ìŠµë‹ˆë‹¤. ëŒ€ë¶€ë¶„ì˜ ì£¼ìš” ìƒì , ìˆ˜ì¡±ê´€ ë° ëŒ€ê·œëª¨ ë„ì„œê´€/ì•„íŠ¸ë¦¬ì›€ì´ ìˆìŠµë‹ˆë‹¤. ìŒì‹, ìƒì , ì˜í™”ê´€. ê±°ëŒ€í•œ ì§€ì—­."
42,42,13,302,"Yes, it is large, but the walking areas are very broad and the stores are big too, so there weren't as many shops as I expected. Overall I found it to be sterile and uninteresting. I had a much better shopping and people-watching experience at the Lotte World Tower and Mall place.",42,much,"ë„¤, ë„“ê¸´ í•œë° ì‚°ì±…ë¡œê°€ êµ‰ì¥íˆ ë„“ê³  ê°€ê²Œë„ ì»¤ì„œ ìƒê°ë³´ë‹¤ ê°€ê²Œê°€ ë§ì§€ëŠ” ì•Šì•˜ì–´ìš”. ì „ë°˜ì ìœ¼ë¡œ ë‚˜ëŠ” ê·¸ê²ƒì´ ë¬´ë¯¸ê±´ì¡°í•˜ê³  í¥ë¯¸ë¡­ì§€ ì•Šë‹¤ëŠ” ê²ƒì„ ì•Œì•˜ìŠµë‹ˆë‹¤. ë‚˜ëŠ” ë¡¯ë° ì›”ë“œ íƒ€ì›Œì™€ ëª° ì¥ì†Œì—ì„œ í›¨ì”¬ ë” ë‚˜ì€ ì‡¼í•‘ê³¼ ì‚¬ëŒ êµ¬ê²½ ê²½í—˜ì„í–ˆìŠµë‹ˆë‹¤."
43,43,14,321,"It's busy, expensive, and has everything you might ever want at a considerably higher price than you'd likely find in pretty much any other country in Asia, but if you have that European or American ""itch you can't scratch"" this is the place for you. They also have lots of great restaurants and don't forget to visit the Aquarium and KPop Museum (if that doesn't make your ears bleed).",43,much,"ë°”ì˜ê³  ë¹„ì‹¸ë©° ì›í•˜ëŠ” ëª¨ë“  ê²ƒì„ ì•„ì‹œì•„ì˜ ë‹¤ë¥¸ ë‚˜ë¼ì—ì„œ ë³¼ ìˆ˜ ìˆëŠ” ê²ƒë³´ë‹¤ í›¨ì”¬ ë” ë†’ì€ ê°€ê²©ì— ê°–ì¶”ê³  ìˆìŠµë‹ˆë‹¤. í•˜ì§€ë§Œ ìœ ëŸ½ì´ë‚˜ ë¯¸êµ­ì—ì„œ ""ê¸ì„ ìˆ˜ ì—†ëŠ” ê°€ë ¤ì›€""ì´ ìˆëŠ” ê²½ìš° ë‹¹ì‹ ì„ ìœ„í•œ ì¥ì†Œ. ê·¸ë“¤ì€ ë˜í•œ ë§ì€ í›Œë¥­í•œ ë ˆìŠ¤í† ë‘ì„ ê°€ì§€ê³  ìˆìœ¼ë©° ìˆ˜ì¡±ê´€ê³¼ KPop ë°•ë¬¼ê´€ì„ ë°©ë¬¸í•˜ëŠ” ê²ƒì„ ìŠì§€ ë§ˆì‹­ì‹œì˜¤(ê·€ì—ì„œ í”¼ê°€ ë‚˜ì§€ ì•ŠëŠ”ë‹¤ë©´)."
44,44,15,338,"This mall is very much like every other mall. There is a very good variety of shops and it has all the major skincare brands and make up brands. The clothes shops are also very trendy and cool.  The food malls have a large variety to choose from, the is halal food for Muslims, which is very convenient and new. Last time I visited almost 2 years ago, the wasn't any halal places to eat. Now there is, which I am very happy about!  The staff are very helpful and friendly. The location is very easy to find, right next to Samseong station.  The mall is located in a very nice area, very up and coming!",44,much,ì´ ì‡¼í•‘ëª°ì€ ë‹¤ë¥¸ ëª¨ë“  ì‡¼í•‘ëª°ê³¼ ë§¤ìš° ìœ ì‚¬í•©ë‹ˆë‹¤. ë§¤ìš° ë‹¤ì–‘í•œ ìƒì ì´ ìˆìœ¼ë©° ëª¨ë“  ì£¼ìš” ìŠ¤í‚¨ì¼€ì–´ ë¸Œëœë“œì™€ ë©”ì´í¬ì—… ë¸Œëœë“œê°€ ìˆìŠµë‹ˆë‹¤. ì˜·ê°€ê²Œë„ êµ‰ì¥íˆ íŠ¸ë Œë””í•˜ê³  ë©‹ì§‘ë‹ˆë‹¤. í‘¸ë“œ ëª°ì—ëŠ” ì„ íƒí•  ìˆ˜ ìˆëŠ” ë‹¤ì–‘í•œ ì¢…ë¥˜ê°€ ìˆìœ¼ë©° ë¬´ìŠ¬ë¦¼ì„ ìœ„í•œ í• ë„ ì‹í’ˆì€ ë§¤ìš° í¸ë¦¬í•˜ê³  ìƒˆë¡­ìŠµë‹ˆë‹¤. ê±°ì˜ 2ë…„ ì „ì— ë§ˆì§€ë§‰ìœ¼ë¡œ ë°©ë¬¸í–ˆì„ ë•Œ í• ë„ ìŒì‹ì„ ë¨¹ì„ ìˆ˜ ìˆëŠ” ê³³ì´ ì—†ì—ˆìŠµë‹ˆë‹¤. ì´ì œ ê±°ê¸°ì— ëŒ€í•´ ë§¤ìš° ê¸°ì˜ê²Œ ìƒê°í•©ë‹ˆë‹¤! ì§ì›ë“¤ì€ ë§¤ìš° ë„ì›€ì´ë˜ê³  ì¹œì ˆí•©ë‹ˆë‹¤. ìœ„ì¹˜ëŠ” ì‚¼ì„±ì—­ ë°”ë¡œ ì˜†ì´ë¼ ì°¾ê¸°ë„ ì‰½ìŠµë‹ˆë‹¤. ì‡¼í•‘ëª°ì€ ë§¤ìš° ë©‹ì§„ ì§€ì—­ì— ìœ„ì¹˜í•˜ê³  ìˆìŠµë‹ˆë‹¤.
45,45,16,354,"When we visited this mall I kept wondering: maybe it's just because I am an American. We walked and walked and walked and we never found really much of anything. It was very strange. And then we would find ourselves in a giant, empty convention-hall lobby? All malls in Korea are not like this: we found several other malls to be sensibly laid-out and easy to navigate. Not so at the COEX Mall.",45,much,ìš°ë¦¬ê°€ ì´ ì‡¼í•‘ëª°ì„ ë°©ë¬¸í–ˆì„ ë•Œ ë‚˜ëŠ” ê³„ì† ê¶ê¸ˆí–ˆìŠµë‹ˆë‹¤. ì•„ë§ˆë„ ë‚´ê°€ ë¯¸êµ­ì¸ì´ê¸° ë•Œë¬¸ì¼ ê²ƒì…ë‹ˆë‹¤. ìš°ë¦¬ëŠ” ê±·ê³  ê±·ê³  ê±¸ì—ˆì§€ë§Œ ì •ë§ë¡œ ë§ì€ ê²ƒì„ ì°¾ì§€ ëª»í–ˆìŠµë‹ˆë‹¤. ê·¸ê²ƒì€ ë§¤ìš° ì´ìƒí–ˆë‹¤. ê·¸ëŸ¬ë©´ ìš°ë¦¬ëŠ” ê±°ëŒ€í•˜ê³  í…… ë¹ˆ ì»¨ë²¤ì…˜ í™€ ë¡œë¹„ì—ì„œ ìì‹ ì„ ë°œê²¬í•˜ê²Œ ë ê¹Œìš”? í•œêµ­ì˜ ëª¨ë“  ì‡¼í•‘ëª°ì´ ì´ë ‡ì§€ëŠ” ì•ŠìŠµë‹ˆë‹¤. ìš°ë¦¬ëŠ” ë‹¤ë¥¸ ì—¬ëŸ¬ ì‡¼í•‘ëª°ì´ í•©ë¦¬ì ìœ¼ë¡œ ë°°ì¹˜ë˜ê³  íƒìƒ‰í•˜ê¸° ì‰¬ìš´ ê²ƒì„ ë°œê²¬í–ˆìŠµë‹ˆë‹¤. ì½”ì—‘ìŠ¤ëª°ì—ì„œëŠ” ê·¸ë ‡ì§€ ì•ŠìŠµë‹ˆë‹¤.
46,46,17,364,"Very frustrating the way that it has been built it is quite a mess really. shops are everywhere you get lost and so spaced out , not much shops to buy from eventhough its huge took us so long from myeongdong to gangnam by taxi so much traffic and was a waste of time, not worth the visit",46,much,ê±´ì„¤ëœ ë°©ì‹ì´ ë§¤ìš° ì‹¤ë§ìŠ¤ëŸ½ìŠµë‹ˆë‹¤. ì •ë§ ì—‰ë§ì…ë‹ˆë‹¤. ìƒì ì€ ë‹¹ì‹ ì´ ê¸¸ì„ ìƒëŠ” ëª¨ë“  ê³³ì— ìˆê³  ë„ˆë¬´ ë–¨ì–´ì ¸ ìˆìŠµë‹ˆë‹¤. ê±°ëŒ€í•˜ì§€ë§Œ íƒì‹œë¡œ ëª…ë™ì—ì„œ ê°•ë‚¨ê¹Œì§€ íƒì‹œë¡œ ë„ˆë¬´ ì˜¤ë˜ ê±¸ë ¸ê³  ì‹œê°„ ë‚­ë¹„ì˜€ìœ¼ë©° ë°©ë¬¸ í•  ê°€ì¹˜ê°€ ì—†ì—ˆìŠµë‹ˆë‹¤.
47,47,18,366,"I was an easy access from our hotel ( Oakwood premier coex) where you can find delicious food (Halal)ğŸ˜‹, bakeries, ğŸ˜˜ sweets sand many ğŸ˜ shops to choose from. You can have your gifts from there like we did. ğŸ˜Š Also it has an aquarium ğŸ ğŸŸğŸ¡ğŸ§ğŸ¦€ğŸ˜Œ which we enjoyed so much.",47,much,"ë‚˜ëŠ” ë§›ìˆëŠ” ìŒì‹(í• ë„)ğŸ˜‹, ë² ì´ì»¤ë¦¬, ğŸ˜˜ ìŠ¤ìœ„íŠ¸ ìƒŒë“œ ë§ì€ ğŸ˜ ê°€ê²Œë¥¼ ì„ íƒí•  ìˆ˜ ìˆëŠ” ìš°ë¦¬ í˜¸í…”(ì˜¤í¬ìš°ë“œ í”„ë¦¬ë¯¸ì–´ ì½”ì—‘ìŠ¤)ì—ì„œ ì‰½ê²Œ ì ‘ê·¼í•  ìˆ˜ ìˆì—ˆìŠµë‹ˆë‹¤. ìš°ë¦¬ì²˜ëŸ¼ ê±°ê¸°ì—ì„œ ì„ ë¬¼ì„ ë°›ì„ ìˆ˜ ìˆìŠµë‹ˆë‹¤. ğŸ˜Š ê·¸ë¦¬ê³  ìˆ˜ì¡±ê´€ ğŸ ğŸŸğŸ¡ğŸ§ğŸ¦€ğŸ˜Œë„ ìˆì–´ì„œ ë„ˆë¬´ ì¢‹ì•˜ì–´ìš”."
48,48,19,371,"This used to be one of my favourite areas to hang out in. There arenâ€™t a large number of crowds, and the area is humongous anyway. However, I feel that the way the shops are laid out isnâ€™t very well-planned. Youâ€™d find an area with food in one corner, walk for another 10 minutes and find another cluster of food stalls at another area. The signage/directions are rather confusing at times and the place is too big, it can be a pain if you are looking for a specific shop and realise you have to walk around 20 minutes just to get to it. The developers could have built more floors instead of having almost 95% of all the shops on the same level. There are a lot of international brands as well, so shopping isnâ€™t particularly interesting for me. I feel that guidebooks tend to over-rate this place way too much.",48,much,ì´ê²ƒì€ ë‚´ê°€ ì–´ìš¸ë¦¬ê³  ì‹¶ì€ ê°€ì¥ ì¢‹ì•„í•˜ëŠ” ì§€ì—­ ì¤‘ í•˜ë‚˜ì˜€ìŠµë‹ˆë‹¤. êµ°ì¤‘ì´ ë§ì§€ ì•Šê³  ì–´ì¨Œë“  ê·¸ ì§€ì—­ì€ ì—„ì²­ë‚©ë‹ˆë‹¤. ê·¸ëŸ°ë° ê°€ê²Œ ë°°ì¹˜ ë°©ì‹ì´ ì˜ ì§œì—¬ì ¸ ìˆì§€ ì•Šë‹¤ëŠ” ìƒê°ì´ ë“­ë‹ˆë‹¤. í•œ ëª¨í‰ì´ì— ìŒì‹ì´ ìˆëŠ” ì§€ì—­ì„ ë°œê²¬í•˜ê³  10ë¶„ ë” ê±¸ìœ¼ë©´ ë‹¤ë¥¸ ì§€ì—­ì—ì„œ ë˜ ë‹¤ë¥¸ í¬ì¥ ë§ˆì°¨ë¥¼ ì°¾ì„ ìˆ˜ ìˆìŠµë‹ˆë‹¤. í‘œì§€íŒ / ë°©í–¥ì€ ë•Œë•Œë¡œ ë‹¤ì†Œ í˜¼ë€ìŠ¤ëŸ½ê³  ì¥ì†Œê°€ ë„ˆë¬´ ì»¤ì„œ íŠ¹ì • ìƒì ì„ ì°¾ê³  ìˆê³  ê·¸ê²ƒì— ë„ì°©í•˜ê¸° ìœ„í•´ ì•½ 20 ë¶„ì„ ê±¸ì–´ì•¼í•œë‹¤ëŠ” ê²ƒì„ ê¹¨ë‹¬ìœ¼ë©´ ê³ í†µ ìŠ¤ëŸ¬ìš¸ ìˆ˜ ìˆìŠµë‹ˆë‹¤. ê°œë°œìëŠ” ëª¨ë“  ìƒì ì˜ ê±°ì˜ 95%ë¥¼ ê°™ì€ ìˆ˜ì¤€ì— ë‘ëŠ” ëŒ€ì‹  ë” ë§ì€ ì¸µì„ ì§€ì„ ìˆ˜ ìˆì—ˆìŠµë‹ˆë‹¤. í•´ì™¸ ë¸Œëœë“œë„ ë§ì•„ì„œ ì‡¼í•‘ì´ ë³„ë¡œ ì¬ë¯¸ê°€ ì—†ì–´ìš”. ë‚˜ëŠ” ê°€ì´ë“œ ë¶ì´ ì´ê³³ì„ ë„ˆë¬´ ê³¼ëŒ€ í‰ê°€í•˜ëŠ” ê²½í–¥ì´ ìˆë‹¤ê³  ìƒê°í•©ë‹ˆë‹¤.
49,49,20,374,This mall was enormous! Full of expensive shops and a little less expensive shops that you see everywhere else in Seoul. The aquarium was a point of interest but we did not go because it's too much and if I wanted to see fish I'd go diving instead lol. There's a huge K-Pop shop/museum connected to it that was interesting. Our group wanted to see the Kimchi museum but it was no longer in the mall anymore.,49,much,ì´ ì‡¼í•‘ëª°ì€ ê±°ëŒ€í–ˆìŠµë‹ˆë‹¤! ì„œìš¸ ì–´ë””ì—ì„œë‚˜ ë³¼ ìˆ˜ ìˆëŠ” ë¹„ì‹¼ ê°€ê²Œì™€ ì¡°ê¸ˆ ë” ì €ë ´í•œ ê°€ê²Œê°€ ê°€ë“í•©ë‹ˆë‹¤. ìˆ˜ì¡±ê´€ì´ ê´€ì‹¬ì˜ ëŒ€ìƒì´ ë˜ì—ˆì§€ë§Œ ë„ˆë¬´ ë§ì•„ì„œ ê°€ì§€ ì•Šì•˜ê³  ë¬¼ê³ ê¸°ë¥¼ ë³´ê³  ì‹¶ë‹¤ë©´ ëŒ€ì‹  ë‹¤ì´ë¹™ì„ ê°€ê² ìŠµë‹ˆë‹¤ ã…‹ã…‹ã…‹ã…‹ í¥ë¯¸ë¡œì› ë˜ ê±°ëŒ€í•œ K-Pop ìƒì /ë°•ë¬¼ê´€ì´ ê·¸ê²ƒì— ì—°ê²°ë˜ì–´ ìˆìŠµë‹ˆë‹¤. ìš°ë¦¬ ê·¸ë£¹ì€ ê¹€ì¹˜ ë°•ë¬¼ê´€ì„ë³´ê³  ì‹¶ì—ˆì§€ë§Œ ë” ì´ìƒ ì‡¼í•‘ëª°ì— ì—†ì—ˆìŠµë‹ˆë‹¤.
50,50,21,382,"I'm not usually one for crazy shopping trips while travelling, but we made Coex Mall a destination when we found out about the Gundam Base retail store cuz we're nerdy like that.  So big that it has two different KTX stops that bring you to its front doors.  It's more of an upscale mall with a great variety of popular Korean and foreign brands (Uniqlo, Roots, and some European designers are all I remember off the top of my head) as well as smaller boutique stores. Also being in a very developed area of Gangnam as well as being a destination in its own right, everything is a little bit more expensive here, especially compared to many of the other underground malls that have more stalls than built-out stores.  The food selection has a wide variety of prices and offerings so you'll find something you like for sure. The Seoul Aquarium and a movie theater are also in the mall if you're not much of the shopping type.  All in all, covering the whole mall would take about an hour of non-stop walking. While stopping in a few shops here and there, you can get through it in 2-3 hours. If you're like my girlfriend, well, you can spend the whole day here pretty easily. We did this early on in our trip to Korea so it was a nice introduction to Korean mall culture and the local style, I guess.",50,much,"ì—¬í–‰ì„ ë‹¤ë‹ˆë©° ë¯¸ì¹œ ë“¯ì´ ì‡¼í•‘ì„ í•˜ëŠ” í¸ì€ ì•„ë‹Œë°, ê±´ë‹´ë² ì´ìŠ¤ ë§¤ì¥ì„ ì•Œê²Œ ë˜ë©´ì„œ ì½”ì—‘ìŠ¤ëª°ì„ ëª©ì ì§€ë¡œ ì‚¼ì•˜ë‹¤. ë„ˆë¬´ ì»¤ì„œ ì •ë¬¸ìœ¼ë¡œ ë°ë ¤ë‹¤ì£¼ëŠ” ë‘ ê°œì˜ ë‹¤ë¥¸ KTX ì •ë¥˜ì¥ì´ ìˆìŠµë‹ˆë‹¤. ë‹¤ì–‘í•œ í•œêµ­ ë° í•´ì™¸ ìœ ëª… ë¸Œëœë“œ(Uniqlo, Roots ë° ì¼ë¶€ ìœ ëŸ½ ë””ìì´ë„ˆë§Œ ê¸°ì–µì— ë‚¨ìŠµë‹ˆë‹¤)ì™€ ì†Œê·œëª¨ ë¶€í‹°í¬ ë§¤ì¥ì´ ìˆëŠ” ê³ ê¸‰ ì‡¼í•‘ëª°ì…ë‹ˆë‹¤. ë˜í•œ ê°•ë‚¨ì˜ ë§¤ìš° ë°œì „ëœ ì§€ì—­ì— ìˆê³  ê·¸ ìì²´ë¡œ ëª©ì ì§€ì´ê¸° ë•Œë¬¸ì— ëª¨ë“  ê²ƒì´ ì¡°ê¸ˆ ë” ë¹„ìŒ‰ë‹ˆë‹¤. íŠ¹íˆ ì§€ì–´ì§„ ìƒì ë³´ë‹¤ í¬ì¥ ë§ˆì°¨ê°€ ë§ì€ ë‹¤ë¥¸ ë§ì€ ì§€í•˜ ì‡¼í•‘ëª°ê³¼ ë¹„êµí•  ë•Œ íŠ¹íˆ ê·¸ë ‡ìŠµë‹ˆë‹¤. ìŒì‹ ì„ íƒì€ ë‹¤ì–‘í•œ ê°€ê²©ê³¼ ì œê³µí’ˆì„ ê°€ì§€ê³  ìˆìœ¼ë¯€ë¡œ ì›í•˜ëŠ” ê²ƒì„ í™•ì‹¤íˆ ì°¾ì„ ìˆ˜ ìˆìŠµë‹ˆë‹¤. ì‡¼í•‘ ìœ í˜•ì´ ë§ì§€ ì•Šì€ ê²½ìš° ì„œìš¸ ìˆ˜ì¡±ê´€ê³¼ ì˜í™”ê´€ë„ ì‡¼í•‘ëª°ì— ìˆìŠµë‹ˆë‹¤. ì „ì²´ì ìœ¼ë¡œ ì‡¼í•‘ëª° ì „ì²´ë¥¼ ë®ëŠ” ë°ëŠ” ì‰¬ì§€ ì•Šê³  ê±·ëŠ” ë° ì•½ 1ì‹œê°„ì´ ê±¸ë¦½ë‹ˆë‹¤. ì—¬ê¸° ì €ê¸° ëª‡ êµ°ë° ê°€ê²Œë¥¼ ë“¤ë½ê±°ë¦¬ë‹¤ ë³´ë©´ 2~3ì‹œê°„ì´ë©´ ëë‚¼ ìˆ˜ ìˆë‹¤. ë‚´ ì—¬ìì¹œêµ¬ ê°™ìœ¼ë©´ ì—¬ê¸°ì—ì„œ í•˜ë£¨ ì¢…ì¼ ê½¤ ì‰½ê²Œ ë³´ë‚¼ ìˆ˜ ìˆìŠµë‹ˆë‹¤. ìš°ë¦¬ëŠ” í•œêµ­ ì—¬í–‰ ì´ˆê¸°ì— ì´ê²ƒì„ í–ˆìœ¼ë¯€ë¡œ í•œêµ­ ì‡¼í•‘ëª° ë¬¸í™”ì™€ í˜„ì§€ ìŠ¤íƒ€ì¼ì— ëŒ€í•œ ì¢‹ì€ ì†Œê°œì˜€ìŠµë‹ˆë‹¤."
51,51,22,405,It's a big mall. It's very modern. You can find everything and nothing at the same time. It's way too big. As a tourist this was not for me. I think it doesn't showcase the Korean culture. I don't know. I'm not a mall person I just came here because I had to see it for myself since it was my first time in Korea and it was on my way back from gangnam.  Skip this place if you don't have much time in Seoul. Come here if you have plenty of time.,51,much,í° ì‡¼í•‘ëª°ì…ë‹ˆë‹¤. ë§¤ìš° í˜„ëŒ€ì ì…ë‹ˆë‹¤. ë‹¹ì‹ ì€ ë™ì‹œì— ëª¨ë“  ê²ƒì„ ì°¾ì„ ìˆ˜ ìˆìŠµë‹ˆë‹¤. ë„ˆë¬´ í½ë‹ˆë‹¤. ê´€ê´‘ê°ìœ¼ë¡œì„œ ì´ê²ƒì€ ë‚˜ë¥¼ìœ„í•œ ê²ƒì´ ì•„ë‹™ë‹ˆë‹¤. í•œêµ­ ë¬¸í™”ë¥¼ ë³´ì—¬ì£¼ì§€ ì•ŠëŠ” ê²ƒ ê°™ì•„ìš”. ëª¨ë¥´ê² ì–´ìš”. ë‚˜ëŠ” ì‡¼í•‘ëª° ì‚¬ëŒì´ ì•„ë‹ˆë¼ í•œêµ­ì—ì„œ ì²˜ìŒìœ¼ë¡œ ê°•ë‚¨ì—ì„œ ëŒì•„ì˜¤ëŠ” ê¸¸ì— ì§ì ‘ ë´ì•¼í–ˆê¸° ë•Œë¬¸ì— ì—¬ê¸°ì— ì™”ìŠµë‹ˆë‹¤. ì„œìš¸ì— ì‹œê°„ì´ ë§ì§€ ì•Šë‹¤ë©´ ì´ê³³ì„ ê±´ë„ˆë›°ì„¸ìš”. ì‹œê°„ì´ ë§ìœ¼ë©´ ì—¬ê¸°ë¡œ ì˜¤ì„¸ìš”.
52,52,23,408,"I liked COEX Mall before the renovation. It was smaller and had more of a vibe. Now it's huge but lacks any imagination. On a weekday it feels empty due to its expansiveness. On weekends, it's better. Unless you're there to watch a movie or visit the aquarium, there isn't much to do but shop and eat. I guess that's fine for most but I for kids, it can be a bit boring.",52,much,ë¦¬ëª¨ë¸ë§ ì „ ì½”ì—‘ìŠ¤ëª°ì´ ë§ˆìŒì— ë“¤ì—ˆìŠµë‹ˆë‹¤. ë” ì‘ì•„ì„œ ë¶„ìœ„ê¸°ê°€ ë” ì¢‹ì•˜ì–´ìš”. ì§€ê¸ˆì€ ê±°ëŒ€í•˜ì§€ë§Œ ìƒìƒë ¥ì´ ë¶€ì¡±í•©ë‹ˆë‹¤. í‰ì¼ì—ëŠ” ê·¸ ë„“ê¸° ë•Œë¬¸ì— ê³µí—ˆí•˜ê²Œ ëŠê»´ì§„ë‹¤. ì£¼ë§ì—ëŠ” ë” ì¢‹ìŠµë‹ˆë‹¤. ì˜í™”ë¥¼ ë³´ê±°ë‚˜ ìˆ˜ì¡±ê´€ì„ ë°©ë¬¸í•˜ì§€ ì•ŠëŠ” í•œ ì‡¼í•‘í•˜ê³  ë¨¹ì„ ê²ƒì´ë³„ë¡œ ì—†ìŠµë‹ˆë‹¤. ë‚˜ëŠ” ê·¸ê²ƒì´ ëŒ€ë¶€ë¶„ì˜ ì‚¬ëŒë“¤ì—ê²Œ ê´œì°®ì€ ê²ƒ ê°™ì§€ë§Œ ì•„ì´ë“¤ì—ê²ŒëŠ” ì¡°ê¸ˆ ì§€ë£¨í•  ìˆ˜ ìˆìŠµë‹ˆë‹¤.
53,53,24,413,"I used to visit COEX regularly before the much needed renovation. Often for the Mexican restaurant (now shunted outside the complex), COEX had a charm about it, was always busy and had plenty of great looking young people wandering around. After returning to Korea I was excited to see that it had reopened and I ventured back only to find a sterile, brightly lit, overpriced and not very busy abomination. If you can imagine a sprawling airport duty free shopping experience, without the bargains then you've no need to visit. They killed COEX!",53,much,"ë‚˜ëŠ” ë§ì´ í•„ìš”í•œ ê°œì¡° ì „ì— COEXë¥¼ ì •ê¸°ì ìœ¼ë¡œ ë°©ë¬¸í–ˆìŠµë‹ˆë‹¤. ì¢…ì¢… ë©•ì‹œì¹¸ ë ˆìŠ¤í† ë‘(ì§€ê¸ˆì€ ë‹¨ì§€ ë°”ê¹¥ìœ¼ë¡œ ëº‘ì†Œë‹ˆë¨)ì˜ ê²½ìš° COEXëŠ” ë§¤ë ¥ì´ ìˆì—ˆê³  í•­ìƒ ë°”ì˜ê³  ë©‹ì§„ ì™¸ëª¨ì˜ ì Šì€ì´ë“¤ì´ ëŒì•„ë‹¤ë‹ˆê³  ìˆì—ˆìŠµë‹ˆë‹¤. í•œêµ­ì— ëŒì•„ì˜¨ í›„ ë‚˜ëŠ” ê·¸ê²ƒì´ ë‹¤ì‹œ ë¬¸ì„ ì—° ê²ƒì„ ë³´ê³  ë§¤ìš° ê¸°ë»¤ê³ , ë¬´ë¯¸ê±´ì¡°í•˜ê³  ë°ì€ ì¡°ëª…ì— ê³ ê°€ì˜ ê°’ë¹„ì‹¼ ë¬¼ê±´ì„ ë°œê²¬í•˜ê¸° ìœ„í•´ ëª¨í—˜ì„ ê°í–‰í–ˆìŠµë‹ˆë‹¤. ì €ë ´í•œ ê°€ê²© ì—†ì´ ë°©ëŒ€í•œ ê³µí•­ ë©´ì„¸ ì‡¼í•‘ ê²½í—˜ì„ ìƒìƒí•  ìˆ˜ ìˆë‹¤ë©´ ë°©ë¬¸í•  í•„ìš”ê°€ ì—†ìŠµë‹ˆë‹¤. ê·¸ë“¤ì´ ì½”ì—‘ìŠ¤ë¥¼ ì£½ì˜€ë‹¤!"
54,54,25,416,"When I was in Seoul last year, January, COEX Mall was closed for renovation. Since I was here again, but this time on business, it was convenient for me to visit as I was staying at Park Hyatt, plus there isn't much choice staying around this part of Seoul. And I don't have time not energy to visit the more diverse shopping areas after work.  There are many retail shops; restaurants and cafes are plentiful too, but they don't come cheap, so be prepared to spend.  I was here during early spring when it can still be quite freezing at times, so shopping underground, staying indoor worked well for me. But I know some people absolutely hate it coz it can be pretty claustrophobic.  Don't need to make a deliberate trip here, but if you are around the neighborhood, why not just swing by.",54,much,"ì œê°€ ì‘ë…„ 1ì›”ì— ì„œìš¸ì— ìˆì—ˆì„ ë•Œ ì½”ì—‘ìŠ¤ëª°ì€ ë¦¬ë…¸ë² ì´ì…˜ì„ ìœ„í•´ ë¬¸ì„ ë‹«ì•˜ìŠµë‹ˆë‹¤. ì´ë²ˆì—ë„ ì¶œì¥ì„ ê°”ê¸° ë•Œë¬¸ì— íŒŒí¬í•˜ì–íŠ¸ì— ë¬µê³  ìˆì–´ì„œ ë°©ë¬¸í•˜ê¸° í¸í–ˆê³ , ì„œìš¸ì—ì„œ ì´ ì§€ì—­ì— ìˆ™ë°•í•  ê³³ì´ ë³„ë¡œ ì—†ì—ˆìŠµë‹ˆë‹¤. ê·¸ë¦¬ê³  ì¼ì„ ë§ˆì¹˜ê³  ë” ë‹¤ì–‘í•œ ì‡¼í•‘ ì§€ì—­ì„ ë°©ë¬¸í•  ì‹œê°„ì´ ì—†ìŠµë‹ˆë‹¤. ë§ì€ ì†Œë§¤ì ì´ ìˆìŠµë‹ˆë‹¤. ë ˆìŠ¤í† ë‘ê³¼ ì¹´í˜ë„ í’ë¶€í•˜ì§€ë§Œ ì €ë ´í•˜ì§€ ì•Šìœ¼ë¯€ë¡œ ì§€ì¶œì„ ì¤€ë¹„í•˜ì‹­ì‹œì˜¤. ë‚˜ëŠ” ë•Œë•Œë¡œ ì—¬ì „íˆ ê½¤ ì¶”ìš¸ ìˆ˜ ìˆëŠ” ì´ˆë´„ì— ì—¬ê¸°ì— ìˆì—ˆê¸° ë•Œë¬¸ì— ì§€í•˜ì—ì„œ ì‡¼í•‘í•˜ê³  ì‹¤ë‚´ì— ë¨¸ë¬´ë¥´ëŠ” ê²ƒì´ ë‚˜ì—ê²Œ ì˜ ë§ì•˜ìŠµë‹ˆë‹¤. ê·¸ëŸ¬ë‚˜ ì–´ë–¤ ì‚¬ëŒë“¤ì€ ê·¸ê²ƒì´ ê½¤ ë°€ì‹¤ ê³µí¬ì¦ì´ ë  ìˆ˜ ìˆê¸° ë•Œë¬¸ì— ê·¸ê²ƒì„ ì ˆëŒ€ì ìœ¼ë¡œ ì‹«ì–´í•œë‹¤ëŠ” ê²ƒì„ ì••ë‹ˆë‹¤. ì¼ë¶€ëŸ¬ ì—¬ê¸°ê¹Œì§€ ê°ˆ í•„ìš”ëŠ” ì—†ì§€ë§Œ ê·¼ì²˜ì— ìˆë‹¤ë©´ ê·¸ëƒ¥ ì§€ë‚˜ì¹˜ì§€ ì•ŠëŠ” ê²ƒì´ ì¢‹ìŠµë‹ˆë‹¤."
55,55,26,418,"I found the mall to be very large and easy to walk around. Did not pay much attention to prices, but just the experience of being there was enough for me.",55,much,ë‚˜ëŠ” ì‡¼í•‘ëª°ì´ ë§¤ìš° í¬ê³  ê±·ê¸° ì‰½ë‹¤ëŠ” ê²ƒì„ ì•Œì•˜ìŠµë‹ˆë‹¤. ê°€ê²©ì—ëŠ” í° ê´€ì‹¬ì„ ë‘ì§€ ì•Šì•˜ì§€ë§Œ ê·¸ê³³ì— ìˆì—ˆë˜ ê²½í—˜ë§Œìœ¼ë¡œë„ ì¶©ë¶„í–ˆìŠµë‹ˆë‹¤.
56,56,27,423,"Part of the mall is still under renovation, hence there isn't much to shop here. No doubt it is huge, very spacious, but wait till it is fully renovated. Most brands in this mall can be found at other huge shopping malls or departmental stores.",56,much,ì‡¼í•‘ëª°ì˜ ì¼ë¶€ëŠ” ì•„ì§ ë³´ìˆ˜ ê³µì‚¬ ì¤‘ì´ë¯€ë¡œ ì—¬ê¸°ì—ì„œ ì‡¼í•‘í•  ê²ƒì´ ë§ì§€ ì•ŠìŠµë‹ˆë‹¤. ì˜ì‹¬í•  ì—¬ì§€ ì—†ì´ ê·¸ê²ƒì€ ê±°ëŒ€í•˜ê³  ë§¤ìš° ë„“ì§€ë§Œ ì™„ì „íˆ ê°œì¡°ë  ë•Œê¹Œì§€ ê¸°ë‹¤ë¦¬ì‹­ì‹œì˜¤. ì´ ì‡¼í•‘ëª°ì— ìˆëŠ” ëŒ€ë¶€ë¶„ì˜ ë¸Œëœë“œëŠ” ë‹¤ë¥¸ ëŒ€í˜• ì‡¼í•‘ëª°ì´ë‚˜ ë°±í™”ì ì—ì„œ ì°¾ì„ ìˆ˜ ìˆìŠµë‹ˆë‹¤.
57,57,28,424,This place was so talked up in all the guide books and online but it's really just a very spaced out mall. All of the shops you can see anywhere else in the world and that makes it pretty much like any other mall.,57,much,ì´ ì¥ì†ŒëŠ” ëª¨ë“  ê°€ì´ë“œ ë¶ê³¼ ì˜¨ë¼ì¸ì—ì„œ ê·¸ë ‡ê²Œ ì´ì•¼ê¸°ë˜ì—ˆì§€ë§Œ ì‹¤ì œë¡œëŠ” ë§¤ìš° ë–¨ì–´ì ¸ìˆëŠ” ì‡¼í•‘ëª°ì…ë‹ˆë‹¤. ì„¸ê³„ ì–´ëŠ ê³³ì—ì„œë‚˜ ë³¼ ìˆ˜ ìˆëŠ” ëª¨ë“  ìƒì ì€ ë‹¤ë¥¸ ì‡¼í•‘ëª°ê³¼ ê±°ì˜ ë¹„ìŠ·í•©ë‹ˆë‹¤.
58,58,29,438,is aniland open or the sanrio shop? im thinking of going there so ya. otherwise ive passed by a few times and was stunned of how big it is. its underground so i cant say much,58,much,ì•„ë‹ëœë“œ ì˜¤í”ˆì¸ê°€ìš” ì‚°ë¦¬ì˜¤ìƒµì¸ê°€ìš”? ê·¸ë˜ì„œ ê±°ê¸°ì— ê°ˆ ìƒê°ì…ë‹ˆë‹¤. ê·¸ë ‡ì§€ ì•Šìœ¼ë©´ ëª‡ ë²ˆì„ ì§€ë‚˜ê°”ê³  ê·¸ê²ƒì´ ì–¼ë§ˆë‚˜ í°ì§€ ê¸°ì ˆí–ˆìŠµë‹ˆë‹¤. ì§€í•˜ì— ìˆì–´ì„œ ë§ì€ ë§ì„ í•  ìˆ˜ ì—†ë‹¤.
59,59,30,440,"It is a very large and imposing underground shopping mall that shares the same facility as an exhibition hall.  There were many shopsfront but many were closed, not opened or boarded up. The other mainly sold more of skincare brands and some accessories. I was looking for clothes/ fashion outlets but there were not much at the point in time.  It is rather disappointing, and the price here was not too good either. As least not when comparing to Myeodeong or the Women's University. A pity as well, since this place is huge and rather new and clean, so it would have made for a good shopping paradise.  For more detailed information, please feel free to visit: http://thearcticstar.blogspot.sg/2013/12/kaptivating-korea.html",59,much,ì „ì‹œì¥ê³¼ ê°™ì€ ì‹œì„¤ì„ ê³µìœ í•˜ëŠ” ë§¤ìš° í¬ê³  ì›…ì¥í•œ ì§€í•˜ìƒê°€ì…ë‹ˆë‹¤. ë§ì€ ìƒì ì´ ìˆì—ˆì§€ë§Œ ë§ì€ ìƒì ì´ ë¬¸ì„ ë‹«ì•˜ê±°ë‚˜ ì—´ë¦¬ì§€ ì•Šì•˜ê±°ë‚˜ ìŠ¹ì„ í•˜ì§€ ì•Šì•˜ìŠµë‹ˆë‹¤. ë‹¤ë¥¸ í•˜ë‚˜ëŠ” ì£¼ë¡œ ìŠ¤í‚¨ì¼€ì–´ ë¸Œëœë“œì™€ ì¼ë¶€ ì•¡ì„¸ì„œë¦¬ë¥¼ ë” ë§ì´ íŒë§¤í–ˆìŠµë‹ˆë‹¤. ì˜·/íŒ¨ì…˜ ì•„ìš¸ë ›ì„ ì°¾ê³  ìˆì—ˆëŠ”ë° ë‹¹ì‹œì—ëŠ” ë³„ë¡œ ì—†ì—ˆì–´ìš”. ê·¸ê²ƒì€ ë‹¤ì†Œ ì‹¤ë§ìŠ¤ëŸ½ê³  ì—¬ê¸°ì˜ ê°€ê²©ë„ ë„ˆë¬´ ì¢‹ì§€ ì•Šì•˜ìŠµë‹ˆë‹¤. ì ì–´ë„ ì—¬ëª…ì´ë‚˜ ì—¬ëŒ€ì™€ ë¹„êµí•  ë•ŒëŠ” ê·¸ë ‡ì§€ ì•Šë‹¤. ë˜í•œ ì´ê³³ì€ ê·œëª¨ê°€ í¬ê³  ë‹¤ì†Œ ìƒˆë¡­ê³  ê¹¨ë—í•˜ê¸° ë•Œë¬¸ì— ì¢‹ì€ ì‡¼í•‘ ì²œêµ­ì´ ë  ê²ƒì…ë‹ˆë‹¤. ìì„¸í•œ ë‚´ìš©ì€ http://thearcticstar.blogspot.sg/2013/12/kaptivating-korea.htmlì„ ì°¸ì¡°í•˜ì‹­ì‹œì˜¤.
60,60,31,444,"Very huge mall with many shopping as well. But we didn't shop much as most are retail and departmental stores. They're better shopping areas like hongdae, ewha uni etc. We came to COEX mall for Marche, as it's world's no.1 marche which serves buffet! One pax for 23000W, what a good deal! And it's near Lotte World as well. I would recommend coming here if you're heading to Lotte World to have the marche buffet, if not probably not worth coming to the end of Jamsil Station. If you've visited my profile, you will read more details in my blog. xx",60,much,"ë§ì€ ì‡¼í•‘ì´ìˆëŠ” ë§¤ìš° ê±°ëŒ€í•œ ì‡¼í•‘ëª°. ê·¸ëŸ¬ë‚˜ ìš°ë¦¬ëŠ” ëŒ€ë¶€ë¶„ì˜ ì†Œë§¤ì ê³¼ ë°±í™”ì ì²˜ëŸ¼ ë§ì´ ì‡¼í•‘í•˜ì§€ ì•Šì•˜ìŠµë‹ˆë‹¤. í™ëŒ€, ì´í™”ì—¬ëŒ€ ë“± ë” ì¢‹ì€ ì‡¼í•‘ê±°ë¦¬ì—ìš”. ìš°ë¦¬ëŠ” ë§ˆë¥´ì‰ë¥¼ ìœ„í•´ ì½”ì—‘ìŠ¤ëª°ì— ì™”ì–´ìš”, ë·”í˜ê°€ ì„¸ê³„ 1ìœ„ í–‰ì§„ì´ë¼ì„œ! 23000Wì— í•œ ì‚¬ëŒ, ì •ë§ ì¢‹ì€ ê±°ë˜ì…ë‹ˆë‹¤! ë¡¯ë°ì›”ë“œì™€ë„ ê°€ê¹ìŠµë‹ˆë‹¤. ì ì‹¤ì—­ ëê¹Œì§€ ì˜¬ ê°€ì¹˜ê°€ ì—†ë‹¤ë©´ í–‰ì§„ ë·”í˜ë¥¼ ë¨¹ê¸° ìœ„í•´ ë¡¯ë° ì›”ë“œë¡œ í–¥í•˜ëŠ” ê²½ìš° ì—¬ê¸°ì— ì˜¤ëŠ” ê²ƒì´ ì¢‹ìŠµë‹ˆë‹¤. ë‚´ í”„ë¡œí•„ì„ ë°©ë¬¸í–ˆë‹¤ë©´ ë‚´ ë¸”ë¡œê·¸ì—ì„œ ìì„¸í•œ ë‚´ìš©ì„ ì½ì„ ìˆ˜ ìˆìŠµë‹ˆë‹¤. ë”ë¸” ì—‘ìŠ¤"
61,61,32,461,"After reading all the rave online reviews of coex mall, we decided to visit it.But our visit was quite a letdown.The mall was pretty empty and looked quite outdated.Aside from the aquarium and duty free shop, there was really nothing much to see.Would recommend that you only visit this place if there are any ongoing exhibitions or showcases otherwise it is not worth the time.",61,much,ì½”ì—‘ìŠ¤ëª°ì— ëŒ€í•œ ì˜¨ë¼ì¸ í›„ê¸°ë¥¼ ë‹¤ ì½ì€ í›„ ë°©ë¬¸í•˜ê¸°ë¡œ ê²°ì •í–ˆìŠµë‹ˆë‹¤.í•˜ì§€ë§Œ ìš°ë¦¬ì˜ ë°©ë¬¸ì€ ê½¤ ì‹¤ë§ìŠ¤ëŸ¬ì› ìŠµë‹ˆë‹¤.ëª°ì€ ê½¤ ë¹„ì–´ ìˆê³  ê½¤ ì˜¤ë˜ë˜ì–´ ë³´ì˜€ìŠµë‹ˆë‹¤.ìˆ˜ì¡±ê´€ê³¼ ë©´ì„¸ì ì„ ì œì™¸í•˜ê³ ëŠ” ì •ë§ ë³¼ ê²ƒì´ ë³„ë¡œ ì—†ì—ˆìŠµë‹ˆë‹¤. ì°¸ì¡°í•˜ì‹­ì‹œì˜¤. ì§„í–‰ì¤‘ì¸ ì „ì‹œíšŒ ë‚˜ ì‡¼ì¼€ì´ìŠ¤ê°€ìˆëŠ” ê²½ìš°ì—ë§Œì´ ì¥ì†Œë¥¼ ë°©ë¬¸í•˜ëŠ” ê²ƒì´ ì¢‹ìŠµë‹ˆë‹¤. ê·¸ë ‡ì§€ ì•Šìœ¼ë©´ ì‹œê°„ì„ í• ì•  í•  ê°€ì¹˜ê°€ ì—†ìŠµë‹ˆë‹¤.
62,62,33,462,There is a small Lotte Duty Free shop which is much quieter than other department stores in the city centre. There are also many restaurants to chose from for a quiet coffee or a hearty lunch/dinner.,62,much,ë„ì‹¬ì—ëŠ” ë‹¤ë¥¸ ë°±í™”ì ë³´ë‹¤ í›¨ì”¬ ì¡°ìš©í•œ ì‘ì€ ë¡¯ë°ë©´ì„¸ì ì´ ìˆìŠµë‹ˆë‹¤. ì¡°ìš©í•œ ì»¤í”¼ë‚˜ í‘¸ì§í•œ ì ì‹¬/ì €ë… ì‹ì‚¬ë¥¼ ìœ„í•´ ì„ íƒí•  ìˆ˜ ìˆëŠ” ë ˆìŠ¤í† ë‘ë„ ë§ì´ ìˆìŠµë‹ˆë‹¤.
63,63,34,496,"The Coex Mall speaks for itself. It is hugh and trendy- a shopper's Mecca. Among endless cafes, fashions, Department Stores, souvenirs, we found Jackie Chan's Dim Sum and a multiplex (The Megabox). And if you are considering to stay at one of the hotels (Park Hyatt, the Coex Intercontinental or the Grand Intercontinental) in this area, you will certainly find the City Terminal in the mall particularly handy. (The travel from Incheon International Airport to the Daechi Dong area is a very long distance.) For international travel through Incheon, allow at least three hours before flight time. (We were told by the hotel we need 4 hours. But the Korean Airline desk set the record straight and told us 3 hours is sufficient) Our flight was 10:30am in the morning. We arrived at the city terminal a little after 7 am. Checked in our luggage and got onto an an airport limousine(bus) right away, around 7:15. (For flight to Jeju through Gimpo, allow 2 hours) We found our Korean airport experience much less hectic than the North American equivalent.",63,much,"ì½”ì—‘ìŠ¤ëª°ì€ ê·¸ ìì²´ë¡œ ë§í•©ë‹ˆë‹¤. ì›…ì¥í•˜ê³  íŠ¸ë Œë””í•œ ì‡¼í•‘ì˜ ë©”ì¹´ì…ë‹ˆë‹¤. ëì—†ëŠ” ì¹´í˜, íŒ¨ì…˜, ë°±í™”ì , ê¸°ë…í’ˆ ì‚¬ì´ì—ì„œ ìš°ë¦¬ëŠ” ì„±ë£¡ì˜ ë”¤ì„¬ê³¼ ë©€í‹°í”Œë ‰ìŠ¤(The Megabox)ë¥¼ ë°œê²¬í–ˆìŠµë‹ˆë‹¤. ê·¸ë¦¬ê³  ì´ ì§€ì—­ì˜ í˜¸í…”(íŒŒí¬ í•˜ì–íŠ¸, ì½”ì—‘ìŠ¤ ì¸í„°ì»¨í‹°ë„¨íƒˆ ë˜ëŠ” ê·¸ëœë“œ ì¸í„°ì»¨í‹°ë„¨íƒˆ) ì¤‘ í•œ ê³³ì— ìˆ™ë°•ì„ ê³ ë ¤ ì¤‘ì´ë¼ë©´ ëª°ì— ìˆëŠ” ì‹œí‹° í„°ë¯¸ë„ì´ íŠ¹íˆ í¸ë¦¬í•  ê²ƒì…ë‹ˆë‹¤. (ì¸ì²œêµ­ì œê³µí•­ì—ì„œ ëŒ€ì¹˜ë™ ë°©ë©´ìœ¼ë¡œì˜ ì´ë™ê±°ë¦¬ê°€ ë§¤ìš° ë©‰ë‹ˆë‹¤.) ì¸ì²œì„ ê²½ìœ í•˜ëŠ” êµ­ì œì„ ì˜ ê²½ìš° ë¹„í–‰ì‹œê°„ 3ì‹œê°„ ì „ê¹Œì§€ ì—¬ìœ ë¥¼ ë‘ì‹œê¸° ë°”ëë‹ˆë‹¤. (í˜¸í…”ì—ì„œëŠ” 4ì‹œê°„ì´ í•„ìš”í•˜ë‹¤ê³  ë“¤ì—ˆëŠ”ë° ëŒ€í•œí•­ê³µ ë°ìŠ¤í¬ì—ì„œëŠ” 3ì‹œê°„ì´ë©´ ì¶©ë¶„í•˜ë‹¤ê³  ê¸°ë¡ì„ ë°”ë¡œ ì„¸ì› ë‹¤.) ìš°ë¦¬ ë¹„í–‰ê¸°ëŠ” ì•„ì¹¨ 10ì‹œ 30ë¶„ì´ì—ˆë‹¤. ì˜¤ì „ 7ì‹œ ì¡°ê¸ˆ ë„˜ì–´ì„œ ì‹œë‚´í„°ë¯¸ë„ì— ë„ì°©í–ˆë‹¤. ì§ì„ ë§¡ê¸°ê³  7ì‹œ 15ë¶„ê²½ì— ë°”ë¡œ ê³µí•­ ë¦¬ë¬´ì§„(ë²„ìŠ¤)ì— ì˜¬ëìŠµë‹ˆë‹¤. (ê¹€í¬ë¥¼ í†µí•´ ì œì£¼ë¡œ ê°€ëŠ” í•­ê³µí¸ì˜ ê²½ìš° 2ì‹œê°„ ì†Œìš”) ìš°ë¦¬ëŠ” í•œêµ­ ê³µí•­ì—ì„œ ë¶ë¯¸ ê³µí•­ë³´ë‹¤ í›¨ì”¬ ëœ ë°”ì˜ë‹¤ëŠ” ê²ƒì„ ì•Œì•˜ìŠµë‹ˆë‹¤."
64,64,35,499,"The first couple times I went here I got completely lost and half vowed to never come back. Eventually I somewhat learned my way around. The giant iPhone maps help a lot, but sometimes I had to find a couple of them before I found my destination. Coex pretty much has everything you could ever look for, if you can find it. The movie theater inside is top notch!",64,much,ë‚´ê°€ ì—¬ê¸°ì— ê°”ì„ ë•Œ ë‚˜ëŠ” ì™„ì „íˆ ê¸¸ì„ ìƒê³  ë°˜ì¯¤ì€ ëŒì•„ ì˜¤ì§€ ì•Šê² ë‹¤ê³  ë§¹ì„¸í–ˆìŠµë‹ˆë‹¤. ê²°êµ­ ë‚˜ëŠ” ë‚´ ê¸¸ì„ ì–´ëŠ ì •ë„ ë°°ì› ë‹¤. ê±°ëŒ€í•œ iPhone ì§€ë„ëŠ” ë§ì€ ë„ì›€ì´ ë˜ì§€ë§Œ ë•Œë¡œëŠ” ëª©ì ì§€ë¥¼ ì°¾ê¸° ì „ì— ëª‡ ê°€ì§€ë¥¼ ì°¾ì•„ì•¼ í–ˆìŠµë‹ˆë‹¤. CoexëŠ” ì°¾ì„ ìˆ˜ë§Œ ìˆë‹¤ë©´ ì°¾ì„ ìˆ˜ ìˆëŠ” ëª¨ë“  ê²ƒì„ ê°–ì¶”ê³  ìˆìŠµë‹ˆë‹¤. ë‚´ë¶€ ì˜í™”ê´€ì€ ìµœìƒê¸‰!
